BTC,A,63342.0,0.03544,1715015070595,0xa5a7dc7d50a1c2638a0f0408c8f1c102027d00ff13a9265411be7907a303c45f,691723399199081,1715015176649.5432
BTC,B,63338.0,0.00022,1715015075759,0x7efbf30f22286bb934f60408c8f1d001a100492b0b698a5a25ab949caec3c6a3,790124227850088,1715015176649.5432
BTC,B,63338.0,0.0108,1715015081313,0x7b4ff672634dc0c98e3d0408c8f1dd02010600bed91fb666332e6aa8daebcc57,683444310683474,1715015176649.5432
BTC,A,63337.0,0.00018,1715015085678,0xc21b28ec87cdb503beb00408c8f1ed01dd001bc7e2b8e6390411b95ee77e39c7,381742999358319,1715015176649.5432
BTC,A,63337.0,0.15808,1715015089310,0x9bcd81c65d2c5cf57b5e0408c8f1f901ed0033d8ed4224b28a0080161488cfa0,1036632999973994,1715015176649.5432
BTC,A,63337.0,0.04192,1715015089310,0x9bcd81c65d2c5cf57b5e0408c8f1f901ed0033d8ed4224b28a0080161488cfa0,143216694309924,1715015176649.5432
BTC,A,63335.0,0.31276,1715015099750,0xb8a7b44ec2764ba29f730408c8f2160201f800fc05b3aecc75cf0df2a859e8f2,875115071110640,1715015176649.5432
BTC,A,63335.0,0.04249,1715015099750,0xb952bed27eee6ec2c6520408c8f216020200008a6f27d1eff0736a4b7020efa2,492073908996511,1715015176649.5432
BTC,A,63333.0,0.002,1715015099750,0xb952bed27eee6ec2c6520408c8f216020200008a6f27d1eff0736a4b7020efa2,883415811567623,1715015176649.5432
BTC,B,63334.0,0.00053,1715015100205,0x40ff1f969169fe3d6aea0408c8f21702036600bd9ebab358825bfa5d46c1f9d0,38727564524813,1715015176649.5432
BTC,A,63333.0,0.2,1715015100668,0x6e990cd5e66e893b4ade0408c8f218014d00be2d17dcb1f6f4fc567d96bda696,362722939285760,1715015176649.5432
BTC,A,63334.0,0.15,1715015101251,0x2419fe0c2443249dc8ac0408c8f21a014000115e6b3f02298f7aa4ab89cb6c03,203334697911632,1715015176649.5432
BTC,A,63333.0,0.01,1715015102172,0x4376508dcd0965c5138f0408c8f21c0180008491a5e7499aa2b5d299fcf1f62a,595720904100623,1715015176649.5432
BTC,B,63338.0,0.50014,1715015104873,0x128c6965c47582c134450408c8f2250201150008708a0444538f80a83803ffcc,556705214345973,1715015176649.5432
BTC,A,63348.0,0.00162,1715015109181,0xaa6bda1b401e311750ba0408c8f2340201300002c597e0c627b74038ab3d1463,563078892996185,1715015176649.5432
BTC,B,63353.0,0.02131,1715015112446,0x42ee3c9ea5e6e070f9f20408c8f23c0201da00cf4cce49e4d75c0c2533e95fa2,1088365335157808,1715015176649.5432
BTC,B,63351.0,0.00032,1715015114817,0x1806e5df898140654c630408c8f242011d006708fc10205e4d77f24ece44c768,792229588634419,1715015176649.5432
BTC,B,63368.0,0.00106,1715015122297,0x6f4e5c39de2aad7ccba80408c8f258020119006ec2c03526852f3a9201bbf23b,108127565893327,1715015176649.5432
BTC,B,63382.0,0.002,1715015122747,0xce82593ee5f6a80dcd7f0408c8f2590202fc00d82ffbeae510d33efbd97cb3bb,47701632682171,1715015176649.5432
BTC,B,63403.0,0.002,1715015129761,0x69f956f19d74763aefab0408c8f26c012300b5578f7f4d7712bdd24158abdb03,644862015542410,1715015176649.5432
BTC,B,63405.0,0.002,1715015129761,0x69f956f19d74763aefab0408c8f26c012300b5578f7f4d7712bdd24158abdb03,14670778305297,1715015176649.5432
BTC,B,63416.0,0.002,1715015132834,0xbdf987112fc51c5578730408c8f274018d00b676beca8ede54834201e2d49302,807112029956588,1715015176649.5432
BTC,B,63424.0,0.00947,1715015132834,0xfbd96251b690871d2d590408c8f274020131000e01072e08df2637432a1ed498,822077252027491,1715015176649.5432
BTC,B,63432.0,0.15,1715015144884,0x4905296802e93ead48e10408c8f29501d000cc1888adb8eb1c0d526fc6f57b9f,153381875136242,1715015176649.5432
BTC,B,63430.0,0.15,1715015153978,0xb63c7b1fefb2fbd54a8c0408c8f2b0011800019f17cc6e86955d5d0b918250f5,210913538604760,1715015176649.5432
BTC,B,63430.0,0.50737,1715015156521,0xeea6aaade62338f291630408c8f2b7012200574d9587e3bff723d0dd4c262a62,11545295486004,1715015176649.5432
BTC,B,63437.0,0.002,1715015165961,0x67ae330f2ce3d51724e00408c8f2d70201100051dcd7bd003a3095abcbd65f31,437225140226916,1715015176649.5432
BTC,B,63437.0,0.0177,1715015165961,0x67ae330f2ce3d51724e00408c8f2d70201100051dcd7bd003a3095abcbd65f31,820094671298273,1715015176649.5432
BTC,B,63437.0,0.37,1715015168455,0xebeeb59a2eddc93308950408c8f2de01970057592ac4e3063f81e62537547c84,374895771750600,1715015176649.5432
BTC,B,63437.0,0.00143,1715015170992,0xa0158eb12c3b172cbb590408c8f2e5020160006ca1ab1e108b7ac275f60eaef1,286626705056196,1715015176649.5432
ETH,B,3083.4,0.06,1715015129761,0xf58ddf6cc987742eb6840408c8f26c01fb008dd459bb793b7d7d4adc0236ec5f,1008242639623302,1715015176957.8508
ETH,B,3083.6,0.075,1715015129761,0xf58ddf6cc987742eb6840408c8f26c01fb008dd459bb793b7d7d4adc0236ec5f,149692940419328,1715015176957.8508
ETH,B,3083.9,0.8,1715015130214,0x0000000000000000000000000000000000000000000000000000000000000000,1044517523473762,1715015176957.8508
ETH,B,3084.3,2.4258,1715015130214,0x0000000000000000000000000000000000000000000000000000000000000000,504949457784633,1715015176957.8508
ETH,A,3084.5,0.01,1715015131314,0xbc54700a552f01404a690408c8f27002031c003f74b0506e9b63424fab146c34,296585248218367,1715015176957.8508
ETH,A,3084.5,0.3248,1715015132834,0x832a4a61f4f93f8554aa0408c8f2740188001bf24d4e2273003005db930cf8cb,873266606949607,1715015176957.8508
ETH,B,3084.6,0.0041,1715015133272,0x0000000000000000000000000000000000000000000000000000000000000000,938955994444267,1715015176957.8508
ETH,A,3084.5,0.044,1715015133272,0x0000000000000000000000000000000000000000000000000000000000000000,464305850027654,1715015176957.8508
ETH,A,3084.5,0.4862,1715015146946,0x1f83c7c960255ac64ec30408c8f29b0201a100e9b8067f4f66bab13834c61e18,121062920336895,1715015176957.8508
ETH,A,3084.5,0.0972,1715015146946,0x1f83c7c960255ac64ec30408c8f29b0201a100e9b8067f4f66bab13834c61e18,314041154496901,1715015176957.8508
ETH,A,3084.5,0.1588,1715015146946,0x1f83c7c960255ac64ec30408c8f29b0201a100e9b8067f4f66bab13834c61e18,329471075267243,1715015176957.8508
ETH,A,3084.5,0.39,1715015146946,0x1f83c7c960255ac64ec30408c8f29b0201a100e9b8067f4f66bab13834c61e18,357554097030470,1715015176957.8508
ETH,A,3084.3,0.9,1715015146946,0x1f83c7c960255ac64ec30408c8f29b0201a100e9b8067f4f66bab13834c61e18,738180042464308,1715015176957.8508
ETH,A,3084.3,1.2839,1715015146946,0x1f83c7c960255ac64ec30408c8f29b0201a100e9b8067f4f66bab13834c61e18,255705123968347,1715015176957.8508
ETH,B,3084.6,0.0069,1715015150200,0x22c9deebcfdc135d4ac60408c8f2a5020135005478c80608126c3c28d51e5cbf,1031189378587197,1715015176957.8508
ETH,B,3084.6,0.064,1715015157043,0x538bb476e187918e97b50408c8f2b90138003a4fe52fdbffee0f04d19c43fe07,505400544488524,1715015176957.8508
ETH,B,3084.6,0.08,1715015157043,0x538bb476e187918e97b50408c8f2b90138003a4fe52fdbffee0f04d19c43fe07,12041948477232,1715015176957.8508
ETH,B,3085.5,3.2258,1715015160050,0x0000000000000000000000000000000000000000000000000000000000000000,1108352641495655,1715015176957.8508
ETH,B,3085.6,0.0042,1715015163410,0x0000000000000000000000000000000000000000000000000000000000000000,74710330406140,1715015176957.8508
ETH,A,3085.5,0.0323,1715015163410,0x0000000000000000000000000000000000000000000000000000000000000000,854175484025346,1715015176957.8508
ETH,B,3085.6,0.0708,1715015163520,0xaacef6097c08ac4b9f4d0408c8f2cf0201bc0082adcfc75aeb9b4beb00498106,1095506874944516,1715015176957.8508
ETH,B,3085.6,0.08,1715015163520,0xaacef6097c08ac4b9f4d0408c8f2cf0201bc0082adcfc75aeb9b4beb00498106,229487820877701,1715015176957.8508
ETH,B,3085.6,0.0042,1715015163520,0xaacef6097c08ac4b9f4d0408c8f2cf0201bc0082adcfc75aeb9b4beb00498106,475798957612267,1715015176957.8508
ETH,B,3085.6,0.155,1715015163520,0xc7b9c87ccebccea87f010408c8f2cf0203bb00727d7b0e43843ce828c623219d,805604873093201,1715015176957.8508
ETH,B,3085.6,0.155,1715015163520,0xbc1800a9db1305ae3dad0408c8f2cf02078600c770bed3258c813c97d4f77087,12652080418499,1715015176957.8508
ETH,B,3085.9,0.0075,1715015166544,0x8791bf39d5d991d085110408c8f2d9016000bd9aaf7ddaee0f6ad03b6bcdb997,605586289638338,1715015176957.8508
ETH,B,3085.9,0.0036,1715015167432,0xeef14e0e786f7f2272f10408c8f2db010f00e1b742f1c3e0d8a290e30f414ede,150829540182014,1715015176957.8508
ETH,A,3085.8,0.06,1715015168455,0x73cb8273a99950a107b50408c8f2de019900c37adc42a22d42ebdf0a9844c78e,1053263388270315,1715015176957.8508
ETH,A,3085.8,0.0379,1715015168908,0x4b834c5d0e6974b980380408c8f2df02011f00608bb980dbece290595e641419,1001009276194162,1715015176957.8508
ETH,A,3085.8,0.0039,1715015174512,0xe953e8cab0c8564a964b0408c8f2ef011d00e61c7ee351c12afdc529b176565c,709552460227975,1715015176957.8508
DOGE,B,0.15706,6793.0,1715014940574,0xf0364789d590798bcd450408c8f0590203a90083e039da57f0037ffc7ab21a44,805811075748224,1715015176962.356
DOGE,B,0.15707,14324.0,1715014940574,0xf0364789d590798bcd450408c8f0590203a90083e039da57f0037ffc7ab21a44,422452908688441,1715015176962.356
DOGE,B,0.15707,826.0,1715014940574,0xf0364789d590798bcd450408c8f0590203a90083e039da57f0037ffc7ab21a44,89481589011338,1715015176962.356
DOGE,B,0.1571,16388.0,1715014962582,0x4ada7e3e926b350491970408c8f094014800c0311e4a81f0ae3c1a357be63253,742740117294199,1715015176962.356
DOGE,B,0.15711,619.0,1715014964131,0x0000000000000000000000000000000000000000000000000000000000000000,469293848466059,1715015176962.356
DOGE,B,0.15712,18170.0,1715014975011,0x90b8f16a10aa5f034fc90408c8f0b6015e006752e6eafdd1e944ecac094ddaf5,408989675804279,1715015176962.356
DOGE,B,0.15712,12006.0,1715014975011,0x90b8f16a10aa5f034fc90408c8f0b6015e006752e6eafdd1e944ecac094ddaf5,809682560401876,1715015176962.356
DOGE,B,0.15712,620.0,1715014994060,0x0000000000000000000000000000000000000000000000000000000000000000,377619907470942,1715015176962.356
DOGE,B,0.15712,15628.0,1715014994202,0xda1e36bd9997c8f778a90408c8f0e9013a000e8ca27a4af95ef1c0b276190436,1044180400335659,1715015176962.356
DOGE,B,0.15712,11232.0,1715014994202,0xda1e36bd9997c8f778a90408c8f0e9013a000e8ca27a4af95ef1c0b276190436,134534126757857,1715015176962.356
DOGE,B,0.15713,15860.0,1715014995530,0x14a556a0b31c5eb4b9240408c8f0ec02016d0029aa08d016b8c4bddaf67c9312,294481099601676,1715015176962.356
DOGE,B,0.15725,3977.0,1715014999277,0xef670fc47f4717bacb850408c8f0f60202af00c8b874831316cec1ac3a2fc402,936026301458241,1715015176962.356
DOGE,B,0.15727,345.0,1715015003072,0x060da8cbbbc4c107d1610408c8f0ff020298004e07039356a265f2a2adb6e84c,69661798570028,1715015176962.356
DOGE,A,0.15728,179.0,1715015005724,0x2659ef24c5d09116699b0408c8f10701960024a4be41c4094c9cff6f589fda54,472818996593316,1715015176962.356
DOGE,B,0.15732,10820.0,1715015009397,0x3ef2a5782a2eff4703290408c8f1130201e100520c9471a307be04d9b4d410b9,568843962828054,1715015176962.356
DOGE,B,0.15732,14444.0,1715015009397,0x3ef2a5782a2eff4703290408c8f1130201e100520c9471a307be04d9b4d410b9,986837479567573,1715015176962.356
DOGE,B,0.15732,1618.0,1715015009397,0x3ef2a5782a2eff4703290408c8f1130201e100520c9471a307be04d9b4d410b9,638514698938520,1715015176962.356
DOGE,B,0.15711,619.0,1715015024261,0x0000000000000000000000000000000000000000000000000000000000000000,420839124673790,1715015176962.356
DOGE,B,0.15705,620.0,1715015054411,0x0000000000000000000000000000000000000000000000000000000000000000,292677123367198,1715015176962.356
DOGE,B,0.15705,6949.0,1715015054411,0xf3754d8ac40f61e27b030408c8f1970152008b67778a87c4563690fc2e6a1bb5,701063519359391,1715015176962.356
DOGE,B,0.15691,619.0,1715015084043,0x0000000000000000000000000000000000000000000000000000000000000000,612193024393240,1715015176962.356
DOGE,B,0.15693,619.0,1715015114373,0x0000000000000000000000000000000000000000000000000000000000000000,1001343833010275,1715015176962.356
DOGE,B,0.15717,16203.0,1715015127885,0x7568db1b1310b6d9611b0408c8f2660126005e6d04801e2b12be1311eedf3b6e,1063436886025245,1715015176962.356
DOGE,B,0.15717,14662.0,1715015127885,0x7568db1b1310b6d9611b0408c8f2660126005e6d04801e2b12be1311eedf3b6e,728904790460964,1715015176962.356
DOGE,B,0.15733,620.0,1715015144296,0x0000000000000000000000000000000000000000000000000000000000000000,582854582410999,1715015176962.356
DOGE,B,0.15736,6000.0,1715015159492,0xf5d1ed4f9bb475e43eb20408c8f2c102011100569d763842803ae4c440b4d7e7,773161277981721,1715015176962.356
DOGE,B,0.15745,635.0,1715015161490,0xa604546b279c20f9a0210408c8f2c9013900e9b8d8b4c6676c860087af17d6cb,1021744414261204,1715015176962.356
DOGE,B,0.15743,15880.0,1715015163520,0x11e05b87951c15bf5faf0408c8f2cf02078700fd468ee51fb573014e914a28de,1064802428005815,1715015176962.356
DOGE,B,0.15743,11441.0,1715015163520,0x11e05b87951c15bf5faf0408c8f2cf02078700fd468ee51fb573014e914a28de,257817283081077,1715015176962.356
DOGE,B,0.15744,619.0,1715015174060,0x0000000000000000000000000000000000000000000000000000000000000000,754870215431132,1715015176962.356
BTC,B,63437.0,0.00052,1715015176800,0x19ca1459b089651f79ae0408c8f2f4011200a5220742e4c5e444c9058a5275fb,593026494699104,1715015177564.778
DOGE,B,0.15744,14837.0,1715015178438,0x47425fb9da4a4035d05a0408c8f2f9013e004c141937fd5e5199eee327833b20,385519367275573,1715015179002.214
DOGE,B,0.15745,6254.0,1715015180847,0x7e558768eb705f2926e20408c8f2ff01410075b91f9195c1f25a305104153de0,130799883958909,1715015181558.0525
ETH,A,3085.8,0.0003,1715015181742,0x38a6da011483015d64210408c8f301019600bf0fda5c02ad924a3f907862325d,142863727861919,1715015182380.9272
ETH,A,3085.8,0.015,1715015181742,0x642feb04b87b0c4543490408c8f301019800bbf3af0c19eae8b2975711c2d241,595239045064727,1715015182380.9272
ETH,B,3086.5,0.08,1715015184950,0xe2aca6415cc78a7f80d10408c8f3080202ca00cfb70ea329607022e9c5b50f7b,285086731725957,1715015185695.8223
BTC,B,63450.0,0.00032,1715015185407,0xb62b797d1d3cfee5231b0408c8f3090202f70050ce38a7d8049ad3f5f1668383,211458085464289,1715015186100.5623
BTC,B,63450.0,0.00178,1715015185407,0x5d38be731452d4746fea0408c8f3090202f90019c09cd63c19fbef90f5c2c728,964118978290954,1715015186100.5623
BTC,B,63450.0,0.00394,1715015185407,0x5d38be731452d4746fea0408c8f3090202f90019c09cd63c19fbef90f5c2c728,559985805291439,1715015186100.5623
ETH,B,3086.6,0.075,1715015185407,0xe1f41814dfbb648894940408c8f309020181006169f3184447f5ff3af5706fe3,84518930367648,1715015186100.7437
BTC,B,63453.0,0.02363,1715015185854,0x7aeb3552fbf86daaced80408c8f30a02030b0069e3944a514a609f1c2cca7421,518901845970838,1715015186511.4229
BTC,B,63461.0,0.002,1715015185854,0x7aeb3552fbf86daaced80408c8f30a02030b0069e3944a514a609f1c2cca7421,69752872930378,1715015186511.4229
BTC,B,63461.0,0.13994,1715015185854,0x7aeb3552fbf86daaced80408c8f30a02030b0069e3944a514a609f1c2cca7421,508238937278205,1715015186511.4229
BTC,B,63465.0,0.00106,1715015185854,0x7aeb3552fbf86daaced80408c8f30a02030b0069e3944a514a609f1c2cca7421,563681178715595,1715015186511.4229
BTC,B,63465.0,0.32578,1715015185854,0x7aeb3552fbf86daaced80408c8f30a02030b0069e3944a514a609f1c2cca7421,547005206445065,1715015186511.4229
ETH,B,3087.3,0.4368,1715015185854,0x7aeb3552fbf86daaced80408c8f30a02030b0069e3944a514a609f1c2cca7421,61497058123180,1715015186511.7698
BTC,B,63459.0,0.00001,1715015187223,0x19d2c71f48f7b9c0b6940408c8f30f0172004bd68f1962c712956bdedcb66dbb,617535396249543,1715015187798.3281
BTC,B,63459.0,0.00042,1715015187223,0xe2c43c33b6b476a7becb0408c8f30f017300f2635771aa1d96221b92b60eca13,414646720895530,1715015187798.3281
BTC,B,63457.0,0.0197,1715015187223,0x474830403b8d0d10afff0408c8f30f020228005b6e39b170c4b94028dcc233e2,393101603946845,1715015187798.3281
ETH,A,3087.1,0.3336,1715015187828,0x68fa35c782d5becce9db0408c8f311020185003ec27ccb129221a12ad89e91d0,443441739788234,1715015188402.2217
DOGE,B,0.15754,15161.0,1715015187828,0xaab1affc2659c99b010f0408c8f3110201fd00f9ab12f1d6d6c266d345c240d3,881663192664599,1715015188403.0652
DOGE,B,0.15754,11485.0,1715015187828,0xaab1affc2659c99b010f0408c8f3110201fd00f9ab12f1d6d6c266d345c240d3,214785401322867,1715015188403.0652
BTC,A,63452.0,0.00031,1715015189486,0x0d66fdb07258de0dd2820408c8f31602010c007ca48d9bcd9db917ee8ce96c7e,543090741764255,1715015190151.2976
BTC,A,63442.0,0.021,1715015189950,0x0ff736c2254ed5afe5320408c8f3170141003dddf3131b8473821534dad17254,211401217292988,1715015190570.6
BTC,A,63442.0,0.01293,1715015189950,0x1fc9b8adfb5aefd7865f0408c8f31701e400a8b3521ae58efa92ce5df115a9ad,1058117680637844,1715015190570.6
BTC,A,63442.0,0.017,1715015189950,0x21338ddc9f162f44d8560408c8f31701e600981625332b2dd5b0f00858e67754,798516017929018,1715015190570.6
BTC,A,63442.0,0.038,1715015189950,0x19e68f6d8a4933800b9e0408c8f31701e7007d113ceb73175dd101364bf93411,420043801565760,1715015190570.6
ETH,A,3087.1,0.0324,1715015189950,0xc263964c4f9c36e587390408c8f3170202e900cfaf408a33e9d15480922a32fd,663318682652866,1715015190570.917
ETH,B,3087.1,0.1945,1715015190411,0x0000000000000000000000000000000000000000000000000000000000000000,615400129611534,1715015191113.9507
ETH,B,3087.2,0.0971,1715015190411,0x0000000000000000000000000000000000000000000000000000000000000000,767324393243098,1715015191113.9507
ETH,B,3087.2,0.6218,1715015190411,0x0000000000000000000000000000000000000000000000000000000000000000,306202014802067,1715015191113.9507
ETH,B,3087.2,2.3124,1715015190411,0x0000000000000000000000000000000000000000000000000000000000000000,266566275411349,1715015191113.9507
BTC,B,63431.0,0.0006,1715015192981,0x5399d432baeaa5e16b5e0408c8f31f020503002185a53a53996719f151792683,846752248705825,1715015193697.882
ETH,B,3086.1,0.0042,1715015193443,0x0000000000000000000000000000000000000000000000000000000000000000,956847508378711,1715015193698.168
ETH,A,3085.9,0.0386,1715015193443,0x0000000000000000000000000000000000000000000000000000000000000000,495440007357921,1715015193698.168
ETH,A,3085.9,0.01,1715015194104,0x299ab06b13198fcccbb10408c8f322011d00d478d7f9d3d4b302a4eb491c81ab,73071922662378,1715015194922.7327
ETH,B,3086.0,2.216,1715015194552,0xfe4d21c6d21548bcfe330408c8f323020353001ffcffbedda751366aff2f46e5,144410952734353,1715015195145.984
ETH,A,3085.6,0.01,1715015200330,0x57a5cd38344708ea2e890408c8f33101c000432985184fce32345e37cac5a680,701154443106604,1715015201013.5994
BTC,B,63411.0,0.00229,1715015200765,0x9b10e8695f0eeb721e7d0408c8f332012100c9b3c4fe019245a3a156e785c5fa,953312428239119,1715015201388.4204
BTC,A,63410.0,0.0206,1715015201856,0x5baf8ebce6b41f0246160408c8f336012900247bab163407c22d361d67541ec6,759945346841075,1715015202346.729
ETH,A,3085.6,0.0472,1715015202441,0xc80241ccae48ac391ec20408c8f3380201ad002a01698c4b54f0ee14a5d29b4e,711357918607389,1715015203076.2185
DOGE,B,0.15729,620.0,1715015204272,0x0000000000000000000000000000000000000000000000000000000000000000,259684551332775,1715015204845.2776
ETH,B,3085.7,1.8668,1715015204819,0xa37fc56588f361d4f66d0408c8f33e013100c44d591a4769855da553523300c5,556939398889862,1715015205130.7954
BTC,A,63410.0,0.00024,1715015210593,0x905a9f4331ab7b8456cf0408c8f34d010a00b85b9cd4ba38ab522de551e4f926,182944360271658,1715015211129.8394
ETH,B,3085.7,0.0118,1715015211506,0x783b0e14dd041fae62c90408c8f34f019c007920f32c385b900914e455cf60d5,590171001659496,1715015212177.187
BTC,A,63410.0,0.13742,1715015211951,0xa0c5624ddc56b542763c0408c8f350010600a5467b11a280235c274bc9006c9e,674237203208837,1715015212177.861
BTC,A,63410.0,0.01258,1715015211951,0xa0c5624ddc56b542763c0408c8f350010600a5467b11a280235c274bc9006c9e,1048777009934382,1715015212177.861
ETH,A,3085.6,0.01,1715015214909,0x71f21f29eafeefcd87750408c8f3580114006d6cd35c5d24288d2a226f36939d,678566558478342,1715015215555.5203
ETH,A,3085.6,0.0078,1715015214909,0xc7b7b5bc093e05fc386b0408c8f35801160096d8ae6cbf1143477700b6b9d197,934604598784157,1715015215555.5203
ETH,A,3085.2,0.0022,1715015214909,0xc7b7b5bc093e05fc386b0408c8f35801160096d8ae6cbf1143477700b6b9d197,261956627667827,1715015215555.5203
ETH,A,3085.2,0.0028,1715015214909,0x9ce86af552b39cfa32250408c8f358011700c11053273955c22a87d86840d4e9,67065481758918,1715015215555.5203
ETH,A,3084.7,0.1,1715015216268,0x0d6504b426518071b6ce0408c8f35b0117005cb0ed77f419213fce4ea5029181,321381238371377,1715015217088.7405
ETH,B,3084.7,0.1948,1715015220121,0x0000000000000000000000000000000000000000000000000000000000000000,554387140482793,1715015220791.139
ETH,B,3084.8,0.0324,1715015220121,0x0000000000000000000000000000000000000000000000000000000000000000,309263848376088,1715015220791.139
ETH,B,3084.8,0.0972,1715015220121,0x0000000000000000000000000000000000000000000000000000000000000000,153991813279183,1715015220791.139
ETH,B,3084.8,0.1673,1715015220121,0x0000000000000000000000000000000000000000000000000000000000000000,829624456597239,1715015220791.139
ETH,B,3084.8,2.7341,1715015220121,0x0000000000000000000000000000000000000000000000000000000000000000,900739080541124,1715015220791.139
ETH,A,3084.6,0.075,1715015222740,0xe752a7053b25dd95b06e0408c8f36c01970049288717587714a520d8ccb8cedd,775475123365879,1715015223313.7153
ETH,A,3084.6,0.005,1715015222740,0xe752a7053b25dd95b06e0408c8f36c01970049288717587714a520d8ccb8cedd,993085297310067,1715015223313.7153
ETH,B,3084.7,0.0041,1715015223213,0x0000000000000000000000000000000000000000000000000000000000000000,703951063395972,1715015223858.627
ETH,A,3084.6,0.0457,1715015223213,0x0000000000000000000000000000000000000000000000000000000000000000,1017599525577393,1715015223858.627
ETH,B,3084.4,0.14,1715015226830,0x64efb7746a098b10e0ea0408c8f3770205d1005e74d8ab29a2be6bab3c0873e7,134680232695814,1715015227638.421
ETH,A,3083.6,0.0065,1715015229462,0x4036ff04f631dea308860408c8f37e014900448c5ac80a85d953674c8c9956af,1010221412510634,1715015230095.6013
ETH,A,3083.6,0.06,1715015231126,0x53dd5b38ba9a29a1fc8e0408c8f383011c00fa26feaace61f7b26a1d9e66c08e,636582117113816,1715015231687.2058
BTC,A,63408.0,0.00032,1715015231729,0x28c302ae9fa4b7563f1b0408c8f385018000c34467ab40ed628117b7739ad2bd,738379622038189,1715015232348.4797
ETH,A,3083.6,0.0085,1715015232318,0x0e5260b2fa67233a39ec0408c8f38701230043ae2b45daa9f8faec8601803bba,706175915208693,1715015232872.7424
ETH,A,3083.6,0.0972,1715015232318,0x0e5260b2fa67233a39ec0408c8f38701230043ae2b45daa9f8faec8601803bba,857253918878278,1715015232872.7424
ETH,A,3083.6,0.1177,1715015232318,0x0e5260b2fa67233a39ec0408c8f38701230043ae2b45daa9f8faec8601803bba,476185859876623,1715015232872.7424
DOGE,B,0.15694,619.0,1715015234022,0x0000000000000000000000000000000000000000000000000000000000000000,584354782540249,1715015234687.4194
BTC,B,63437.0,0.37,1715015168455,0xebeeb59a2eddc93308950408c8f2de01970057592ac4e3063f81e62537547c84,374895771750600,1715015240540.5217
BTC,B,63437.0,0.00143,1715015170992,0xa0158eb12c3b172cbb590408c8f2e5020160006ca1ab1e108b7ac275f60eaef1,286626705056196,1715015240540.5217
BTC,B,63437.0,0.00052,1715015176800,0x19ca1459b089651f79ae0408c8f2f4011200a5220742e4c5e444c9058a5275fb,593026494699104,1715015240540.5217
BTC,B,63450.0,0.00032,1715015185407,0xb62b797d1d3cfee5231b0408c8f3090202f70050ce38a7d8049ad3f5f1668383,211458085464289,1715015240540.5217
BTC,B,63450.0,0.00178,1715015185407,0x5d38be731452d4746fea0408c8f3090202f90019c09cd63c19fbef90f5c2c728,964118978290954,1715015240540.5217
BTC,B,63450.0,0.00394,1715015185407,0x5d38be731452d4746fea0408c8f3090202f90019c09cd63c19fbef90f5c2c728,559985805291439,1715015240540.5217
BTC,B,63453.0,0.02363,1715015185854,0x7aeb3552fbf86daaced80408c8f30a02030b0069e3944a514a609f1c2cca7421,518901845970838,1715015240540.5217
BTC,B,63461.0,0.002,1715015185854,0x7aeb3552fbf86daaced80408c8f30a02030b0069e3944a514a609f1c2cca7421,69752872930378,1715015240540.5217
BTC,B,63461.0,0.13994,1715015185854,0x7aeb3552fbf86daaced80408c8f30a02030b0069e3944a514a609f1c2cca7421,508238937278205,1715015240540.5217
BTC,B,63465.0,0.00106,1715015185854,0x7aeb3552fbf86daaced80408c8f30a02030b0069e3944a514a609f1c2cca7421,563681178715595,1715015240540.5217
BTC,B,63465.0,0.32578,1715015185854,0x7aeb3552fbf86daaced80408c8f30a02030b0069e3944a514a609f1c2cca7421,547005206445065,1715015240540.5217
BTC,B,63459.0,0.00001,1715015187223,0x19d2c71f48f7b9c0b6940408c8f30f0172004bd68f1962c712956bdedcb66dbb,617535396249543,1715015240540.5217
BTC,B,63459.0,0.00042,1715015187223,0xe2c43c33b6b476a7becb0408c8f30f017300f2635771aa1d96221b92b60eca13,414646720895530,1715015240540.5217
BTC,B,63457.0,0.0197,1715015187223,0x474830403b8d0d10afff0408c8f30f020228005b6e39b170c4b94028dcc233e2,393101603946845,1715015240540.5217
BTC,A,63452.0,0.00031,1715015189486,0x0d66fdb07258de0dd2820408c8f31602010c007ca48d9bcd9db917ee8ce96c7e,543090741764255,1715015240540.5217
BTC,A,63442.0,0.021,1715015189950,0x0ff736c2254ed5afe5320408c8f3170141003dddf3131b8473821534dad17254,211401217292988,1715015240540.5217
BTC,A,63442.0,0.01293,1715015189950,0x1fc9b8adfb5aefd7865f0408c8f31701e400a8b3521ae58efa92ce5df115a9ad,1058117680637844,1715015240540.5217
BTC,A,63442.0,0.017,1715015189950,0x21338ddc9f162f44d8560408c8f31701e600981625332b2dd5b0f00858e67754,798516017929018,1715015240540.5217
BTC,A,63442.0,0.038,1715015189950,0x19e68f6d8a4933800b9e0408c8f31701e7007d113ceb73175dd101364bf93411,420043801565760,1715015240540.5217
BTC,B,63431.0,0.0006,1715015192981,0x5399d432baeaa5e16b5e0408c8f31f020503002185a53a53996719f151792683,846752248705825,1715015240540.5217
BTC,B,63411.0,0.00229,1715015200765,0x9b10e8695f0eeb721e7d0408c8f332012100c9b3c4fe019245a3a156e785c5fa,953312428239119,1715015240540.5217
BTC,A,63410.0,0.0206,1715015201856,0x5baf8ebce6b41f0246160408c8f336012900247bab163407c22d361d67541ec6,759945346841075,1715015240540.5217
BTC,A,63410.0,0.00024,1715015210593,0x905a9f4331ab7b8456cf0408c8f34d010a00b85b9cd4ba38ab522de551e4f926,182944360271658,1715015240540.5217
BTC,A,63410.0,0.13742,1715015211951,0xa0c5624ddc56b542763c0408c8f350010600a5467b11a280235c274bc9006c9e,674237203208837,1715015240540.5217
BTC,A,63410.0,0.01258,1715015211951,0xa0c5624ddc56b542763c0408c8f350010600a5467b11a280235c274bc9006c9e,1048777009934382,1715015240540.5217
BTC,A,63408.0,0.00032,1715015231729,0x28c302ae9fa4b7563f1b0408c8f385018000c34467ab40ed628117b7739ad2bd,738379622038189,1715015240540.5217
BTC,A,63403.0,0.15826,1715015238910,0x9f65e9531fa73147523c0408c8f39c011b008a994366d46a90a2a9d30d2e2607,291330276267261,1715015240540.5217
BTC,A,63403.0,0.002,1715015238910,0x9f65e9531fa73147523c0408c8f39c011b008a994366d46a90a2a9d30d2e2607,763309275983607,1715015240540.5217
BTC,A,63403.0,0.07631,1715015238910,0x9f65e9531fa73147523c0408c8f39c011b008a994366d46a90a2a9d30d2e2607,908630434889338,1715015240540.5217
BTC,B,63404.0,0.00105,1715015239355,0xf5ca10adeb30237133350408c8f39d0201570098f9c747b78203f243ca7e699d,592266253227165,1715015240540.5217
ETH,B,3087.2,2.3124,1715015190411,0x0000000000000000000000000000000000000000000000000000000000000000,266566275411349,1715015240857.3315
ETH,B,3086.1,0.0042,1715015193443,0x0000000000000000000000000000000000000000000000000000000000000000,956847508378711,1715015240857.3315
ETH,A,3085.9,0.0386,1715015193443,0x0000000000000000000000000000000000000000000000000000000000000000,495440007357921,1715015240857.3315
ETH,A,3085.9,0.01,1715015194104,0x299ab06b13198fcccbb10408c8f322011d00d478d7f9d3d4b302a4eb491c81ab,73071922662378,1715015240857.3315
ETH,B,3086.0,2.216,1715015194552,0xfe4d21c6d21548bcfe330408c8f323020353001ffcffbedda751366aff2f46e5,144410952734353,1715015240857.3315
ETH,A,3085.6,0.01,1715015200330,0x57a5cd38344708ea2e890408c8f33101c000432985184fce32345e37cac5a680,701154443106604,1715015240857.3315
ETH,A,3085.6,0.0472,1715015202441,0xc80241ccae48ac391ec20408c8f3380201ad002a01698c4b54f0ee14a5d29b4e,711357918607389,1715015240857.3315
ETH,B,3085.7,1.8668,1715015204819,0xa37fc56588f361d4f66d0408c8f33e013100c44d591a4769855da553523300c5,556939398889862,1715015240857.3315
ETH,B,3085.7,0.0118,1715015211506,0x783b0e14dd041fae62c90408c8f34f019c007920f32c385b900914e455cf60d5,590171001659496,1715015240857.3315
ETH,A,3085.6,0.01,1715015214909,0x71f21f29eafeefcd87750408c8f3580114006d6cd35c5d24288d2a226f36939d,678566558478342,1715015240857.3315
ETH,A,3085.6,0.0078,1715015214909,0xc7b7b5bc093e05fc386b0408c8f35801160096d8ae6cbf1143477700b6b9d197,934604598784157,1715015240857.3315
ETH,A,3085.2,0.0022,1715015214909,0xc7b7b5bc093e05fc386b0408c8f35801160096d8ae6cbf1143477700b6b9d197,261956627667827,1715015240857.3315
ETH,A,3085.2,0.0028,1715015214909,0x9ce86af552b39cfa32250408c8f358011700c11053273955c22a87d86840d4e9,67065481758918,1715015240857.3315
ETH,A,3084.7,0.1,1715015216268,0x0d6504b426518071b6ce0408c8f35b0117005cb0ed77f419213fce4ea5029181,321381238371377,1715015240857.3315
ETH,B,3084.7,0.1948,1715015220121,0x0000000000000000000000000000000000000000000000000000000000000000,554387140482793,1715015240857.3315
ETH,B,3084.8,0.0324,1715015220121,0x0000000000000000000000000000000000000000000000000000000000000000,309263848376088,1715015240857.3315
ETH,B,3084.8,0.0972,1715015220121,0x0000000000000000000000000000000000000000000000000000000000000000,153991813279183,1715015240857.3315
ETH,B,3084.8,0.1673,1715015220121,0x0000000000000000000000000000000000000000000000000000000000000000,829624456597239,1715015240857.3315
ETH,B,3084.8,2.7341,1715015220121,0x0000000000000000000000000000000000000000000000000000000000000000,900739080541124,1715015240857.3315
ETH,A,3084.6,0.075,1715015222740,0xe752a7053b25dd95b06e0408c8f36c01970049288717587714a520d8ccb8cedd,775475123365879,1715015240857.3315
ETH,A,3084.6,0.005,1715015222740,0xe752a7053b25dd95b06e0408c8f36c01970049288717587714a520d8ccb8cedd,993085297310067,1715015240857.3315
ETH,B,3084.7,0.0041,1715015223213,0x0000000000000000000000000000000000000000000000000000000000000000,703951063395972,1715015240857.3315
ETH,A,3084.6,0.0457,1715015223213,0x0000000000000000000000000000000000000000000000000000000000000000,1017599525577393,1715015240857.3315
ETH,B,3084.4,0.14,1715015226830,0x64efb7746a098b10e0ea0408c8f3770205d1005e74d8ab29a2be6bab3c0873e7,134680232695814,1715015240857.3315
ETH,A,3083.6,0.0065,1715015229462,0x4036ff04f631dea308860408c8f37e014900448c5ac80a85d953674c8c9956af,1010221412510634,1715015240857.3315
ETH,A,3083.6,0.06,1715015231126,0x53dd5b38ba9a29a1fc8e0408c8f383011c00fa26feaace61f7b26a1d9e66c08e,636582117113816,1715015240857.3315
ETH,A,3083.6,0.0085,1715015232318,0x0e5260b2fa67233a39ec0408c8f38701230043ae2b45daa9f8faec8601803bba,706175915208693,1715015240857.3315
ETH,A,3083.6,0.0972,1715015232318,0x0e5260b2fa67233a39ec0408c8f38701230043ae2b45daa9f8faec8601803bba,857253918878278,1715015240857.3315
ETH,A,3083.6,0.1177,1715015232318,0x0e5260b2fa67233a39ec0408c8f38701230043ae2b45daa9f8faec8601803bba,476185859876623,1715015240857.3315
ETH,A,3083.5,0.0062,1715015237096,0x36c936760a2ea2c445ba0408c8f398012900d7e6d884e0691682d84a40fb5219,514902254069860,1715015240857.3315
DOGE,B,0.15712,12006.0,1715014975011,0x90b8f16a10aa5f034fc90408c8f0b6015e006752e6eafdd1e944ecac094ddaf5,809682560401876,1715015240861.9688
DOGE,B,0.15712,620.0,1715014994060,0x0000000000000000000000000000000000000000000000000000000000000000,377619907470942,1715015240861.9688
DOGE,B,0.15712,15628.0,1715014994202,0xda1e36bd9997c8f778a90408c8f0e9013a000e8ca27a4af95ef1c0b276190436,1044180400335659,1715015240861.9688
DOGE,B,0.15712,11232.0,1715014994202,0xda1e36bd9997c8f778a90408c8f0e9013a000e8ca27a4af95ef1c0b276190436,134534126757857,1715015240861.9688
DOGE,B,0.15713,15860.0,1715014995530,0x14a556a0b31c5eb4b9240408c8f0ec02016d0029aa08d016b8c4bddaf67c9312,294481099601676,1715015240861.9688
DOGE,B,0.15725,3977.0,1715014999277,0xef670fc47f4717bacb850408c8f0f60202af00c8b874831316cec1ac3a2fc402,936026301458241,1715015240861.9688
DOGE,B,0.15727,345.0,1715015003072,0x060da8cbbbc4c107d1610408c8f0ff020298004e07039356a265f2a2adb6e84c,69661798570028,1715015240861.9688
DOGE,A,0.15728,179.0,1715015005724,0x2659ef24c5d09116699b0408c8f10701960024a4be41c4094c9cff6f589fda54,472818996593316,1715015240861.9688
DOGE,B,0.15732,10820.0,1715015009397,0x3ef2a5782a2eff4703290408c8f1130201e100520c9471a307be04d9b4d410b9,568843962828054,1715015240861.9688
DOGE,B,0.15732,14444.0,1715015009397,0x3ef2a5782a2eff4703290408c8f1130201e100520c9471a307be04d9b4d410b9,986837479567573,1715015240861.9688
DOGE,B,0.15732,1618.0,1715015009397,0x3ef2a5782a2eff4703290408c8f1130201e100520c9471a307be04d9b4d410b9,638514698938520,1715015240861.9688
DOGE,B,0.15711,619.0,1715015024261,0x0000000000000000000000000000000000000000000000000000000000000000,420839124673790,1715015240861.9688
DOGE,B,0.15705,620.0,1715015054411,0x0000000000000000000000000000000000000000000000000000000000000000,292677123367198,1715015240861.9688
DOGE,B,0.15705,6949.0,1715015054411,0xf3754d8ac40f61e27b030408c8f1970152008b67778a87c4563690fc2e6a1bb5,701063519359391,1715015240861.9688
DOGE,B,0.15691,619.0,1715015084043,0x0000000000000000000000000000000000000000000000000000000000000000,612193024393240,1715015240861.9688
DOGE,B,0.15693,619.0,1715015114373,0x0000000000000000000000000000000000000000000000000000000000000000,1001343833010275,1715015240861.9688
DOGE,B,0.15717,16203.0,1715015127885,0x7568db1b1310b6d9611b0408c8f2660126005e6d04801e2b12be1311eedf3b6e,1063436886025245,1715015240861.9688
DOGE,B,0.15717,14662.0,1715015127885,0x7568db1b1310b6d9611b0408c8f2660126005e6d04801e2b12be1311eedf3b6e,728904790460964,1715015240861.9688
DOGE,B,0.15733,620.0,1715015144296,0x0000000000000000000000000000000000000000000000000000000000000000,582854582410999,1715015240861.9688
DOGE,B,0.15736,6000.0,1715015159492,0xf5d1ed4f9bb475e43eb20408c8f2c102011100569d763842803ae4c440b4d7e7,773161277981721,1715015240861.9688
DOGE,B,0.15745,635.0,1715015161490,0xa604546b279c20f9a0210408c8f2c9013900e9b8d8b4c6676c860087af17d6cb,1021744414261204,1715015240861.9688
DOGE,B,0.15743,15880.0,1715015163520,0x11e05b87951c15bf5faf0408c8f2cf02078700fd468ee51fb573014e914a28de,1064802428005815,1715015240861.9688
DOGE,B,0.15743,11441.0,1715015163520,0x11e05b87951c15bf5faf0408c8f2cf02078700fd468ee51fb573014e914a28de,257817283081077,1715015240861.9688
DOGE,B,0.15744,619.0,1715015174060,0x0000000000000000000000000000000000000000000000000000000000000000,754870215431132,1715015240861.9688
DOGE,B,0.15744,14837.0,1715015178438,0x47425fb9da4a4035d05a0408c8f2f9013e004c141937fd5e5199eee327833b20,385519367275573,1715015240861.9688
DOGE,B,0.15745,6254.0,1715015180847,0x7e558768eb705f2926e20408c8f2ff01410075b91f9195c1f25a305104153de0,130799883958909,1715015240861.9688
DOGE,B,0.15754,15161.0,1715015187828,0xaab1affc2659c99b010f0408c8f3110201fd00f9ab12f1d6d6c266d345c240d3,881663192664599,1715015240861.9688
DOGE,B,0.15754,11485.0,1715015187828,0xaab1affc2659c99b010f0408c8f3110201fd00f9ab12f1d6d6c266d345c240d3,214785401322867,1715015240861.9688
DOGE,B,0.15729,620.0,1715015204272,0x0000000000000000000000000000000000000000000000000000000000000000,259684551332775,1715015240861.9688
DOGE,B,0.15694,619.0,1715015234022,0x0000000000000000000000000000000000000000000000000000000000000000,584354782540249,1715015240861.9688
BTC,A,63402.0,0.0141,1715015243253,0x5e98be459c09a2fb177c0408c8f3aa016600adaa4cfc1ed9e974a12385e6cfe0,620129683133816,1715015243824.0117
BTC,A,63392.0,0.07718,1715015248015,0x484da132f9ef573cb6360408c8f3b8019100946cb68f60fe0551b2c33fbe7175,101584101562887,1715015248614.76
ETH,B,3082.9,0.0457,1715015248590,0xf461158775a3036986780408c8f3ba016b00b053f519f7d1dd508500eff2ac52,817623471770451,1715015249201.7043
ETH,B,3082.9,0.5884,1715015248590,0xf461158775a3036986780408c8f3ba016b00b053f519f7d1dd508500eff2ac52,49937644754789,1715015249201.7043
ETH,B,3082.7,3.2258,1715015250040,0x0000000000000000000000000000000000000000000000000000000000000000,708279408395416,1715015250780.1416
BTC,B,63390.0,0.00606,1715015250949,0x88a336ae96f5043ce1770408c8f3c0020104009423c8276bc7754817b35481e6,761187413812062,1715015251702.0845
BTC,B,63390.0,0.09553,1715015250949,0x88a336ae96f5043ce1770408c8f3c0020104009423c8276bc7754817b35481e6,721892084446674,1715015251702.0845
BTC,B,63391.0,0.10844,1715015250949,0x88a336ae96f5043ce1770408c8f3c0020104009423c8276bc7754817b35481e6,895014332521174,1715015251702.0845
BTC,B,63391.0,0.00394,1715015251999,0x49090b3c863b7034fa550408c8f3c3020339002858caa7eda4c599038dce6a9a,457246859973913,1715015252659.3916
ETH,B,3082.7,0.0042,1715015252455,0x0000000000000000000000000000000000000000000000000000000000000000,79691034608204,1715015253183.7952
ETH,A,3082.6,0.0423,1715015252455,0x0000000000000000000000000000000000000000000000000000000000000000,235188436281957,1715015253183.7952
BTC,B,63461.0,0.13994,1715015185854,0x7aeb3552fbf86daaced80408c8f30a02030b0069e3944a514a609f1c2cca7421,508238937278205,1715015274635.8325
BTC,B,63465.0,0.00106,1715015185854,0x7aeb3552fbf86daaced80408c8f30a02030b0069e3944a514a609f1c2cca7421,563681178715595,1715015274635.8325
BTC,B,63465.0,0.32578,1715015185854,0x7aeb3552fbf86daaced80408c8f30a02030b0069e3944a514a609f1c2cca7421,547005206445065,1715015274635.8325
BTC,B,63459.0,0.00001,1715015187223,0x19d2c71f48f7b9c0b6940408c8f30f0172004bd68f1962c712956bdedcb66dbb,617535396249543,1715015274635.8325
BTC,B,63459.0,0.00042,1715015187223,0xe2c43c33b6b476a7becb0408c8f30f017300f2635771aa1d96221b92b60eca13,414646720895530,1715015274635.8325
BTC,B,63457.0,0.0197,1715015187223,0x474830403b8d0d10afff0408c8f30f020228005b6e39b170c4b94028dcc233e2,393101603946845,1715015274635.8325
BTC,A,63452.0,0.00031,1715015189486,0x0d66fdb07258de0dd2820408c8f31602010c007ca48d9bcd9db917ee8ce96c7e,543090741764255,1715015274635.8325
BTC,A,63442.0,0.021,1715015189950,0x0ff736c2254ed5afe5320408c8f3170141003dddf3131b8473821534dad17254,211401217292988,1715015274635.8325
BTC,A,63442.0,0.01293,1715015189950,0x1fc9b8adfb5aefd7865f0408c8f31701e400a8b3521ae58efa92ce5df115a9ad,1058117680637844,1715015274635.8325
BTC,A,63442.0,0.017,1715015189950,0x21338ddc9f162f44d8560408c8f31701e600981625332b2dd5b0f00858e67754,798516017929018,1715015274635.8325
BTC,A,63442.0,0.038,1715015189950,0x19e68f6d8a4933800b9e0408c8f31701e7007d113ceb73175dd101364bf93411,420043801565760,1715015274635.8325
BTC,B,63431.0,0.0006,1715015192981,0x5399d432baeaa5e16b5e0408c8f31f020503002185a53a53996719f151792683,846752248705825,1715015274635.8325
BTC,B,63411.0,0.00229,1715015200765,0x9b10e8695f0eeb721e7d0408c8f332012100c9b3c4fe019245a3a156e785c5fa,953312428239119,1715015274635.8325
BTC,A,63410.0,0.0206,1715015201856,0x5baf8ebce6b41f0246160408c8f336012900247bab163407c22d361d67541ec6,759945346841075,1715015274635.8325
BTC,A,63410.0,0.00024,1715015210593,0x905a9f4331ab7b8456cf0408c8f34d010a00b85b9cd4ba38ab522de551e4f926,182944360271658,1715015274635.8325
BTC,A,63410.0,0.13742,1715015211951,0xa0c5624ddc56b542763c0408c8f350010600a5467b11a280235c274bc9006c9e,674237203208837,1715015274635.8325
BTC,A,63410.0,0.01258,1715015211951,0xa0c5624ddc56b542763c0408c8f350010600a5467b11a280235c274bc9006c9e,1048777009934382,1715015274635.8325
BTC,A,63408.0,0.00032,1715015231729,0x28c302ae9fa4b7563f1b0408c8f385018000c34467ab40ed628117b7739ad2bd,738379622038189,1715015274635.8325
BTC,A,63403.0,0.15826,1715015238910,0x9f65e9531fa73147523c0408c8f39c011b008a994366d46a90a2a9d30d2e2607,291330276267261,1715015274635.8325
BTC,A,63403.0,0.002,1715015238910,0x9f65e9531fa73147523c0408c8f39c011b008a994366d46a90a2a9d30d2e2607,763309275983607,1715015274635.8325
BTC,A,63403.0,0.07631,1715015238910,0x9f65e9531fa73147523c0408c8f39c011b008a994366d46a90a2a9d30d2e2607,908630434889338,1715015274635.8325
BTC,B,63404.0,0.00105,1715015239355,0xf5ca10adeb30237133350408c8f39d0201570098f9c747b78203f243ca7e699d,592266253227165,1715015274635.8325
BTC,A,63402.0,0.0141,1715015243253,0x5e98be459c09a2fb177c0408c8f3aa016600adaa4cfc1ed9e974a12385e6cfe0,620129683133816,1715015274635.8325
BTC,A,63392.0,0.07718,1715015248015,0x484da132f9ef573cb6360408c8f3b8019100946cb68f60fe0551b2c33fbe7175,101584101562887,1715015274635.8325
BTC,B,63390.0,0.00606,1715015250949,0x88a336ae96f5043ce1770408c8f3c0020104009423c8276bc7754817b35481e6,761187413812062,1715015274635.8325
BTC,B,63390.0,0.09553,1715015250949,0x88a336ae96f5043ce1770408c8f3c0020104009423c8276bc7754817b35481e6,721892084446674,1715015274635.8325
BTC,B,63391.0,0.10844,1715015250949,0x88a336ae96f5043ce1770408c8f3c0020104009423c8276bc7754817b35481e6,895014332521174,1715015274635.8325
BTC,B,63391.0,0.00394,1715015251999,0x49090b3c863b7034fa550408c8f3c3020339002858caa7eda4c599038dce6a9a,457246859973913,1715015274635.8325
BTC,B,63391.0,0.02366,1715015256116,0x57a2027e7f1f9688c6270408c8f3ce020284003ef5efbf9b2ca4d936bd6cd008,350824013047092,1715015274635.8325
BTC,A,63401.0,0.00032,1715015259776,0x8cb5db6893464ee5e3a30408c8f3d60128009cc8bb86767cc6cf40cc09024d9e,987281317908457,1715015274635.8325
ETH,B,3084.8,0.1673,1715015220121,0x0000000000000000000000000000000000000000000000000000000000000000,829624456597239,1715015274895.8828
ETH,B,3084.8,2.7341,1715015220121,0x0000000000000000000000000000000000000000000000000000000000000000,900739080541124,1715015274895.8828
ETH,A,3084.6,0.075,1715015222740,0xe752a7053b25dd95b06e0408c8f36c01970049288717587714a520d8ccb8cedd,775475123365879,1715015274895.8828
ETH,A,3084.6,0.005,1715015222740,0xe752a7053b25dd95b06e0408c8f36c01970049288717587714a520d8ccb8cedd,993085297310067,1715015274895.8828
ETH,B,3084.7,0.0041,1715015223213,0x0000000000000000000000000000000000000000000000000000000000000000,703951063395972,1715015274895.8828
ETH,A,3084.6,0.0457,1715015223213,0x0000000000000000000000000000000000000000000000000000000000000000,1017599525577393,1715015274895.8828
ETH,B,3084.4,0.14,1715015226830,0x64efb7746a098b10e0ea0408c8f3770205d1005e74d8ab29a2be6bab3c0873e7,134680232695814,1715015274895.8828
ETH,A,3083.6,0.0065,1715015229462,0x4036ff04f631dea308860408c8f37e014900448c5ac80a85d953674c8c9956af,1010221412510634,1715015274895.8828
ETH,A,3083.6,0.06,1715015231126,0x53dd5b38ba9a29a1fc8e0408c8f383011c00fa26feaace61f7b26a1d9e66c08e,636582117113816,1715015274895.8828
ETH,A,3083.6,0.0085,1715015232318,0x0e5260b2fa67233a39ec0408c8f38701230043ae2b45daa9f8faec8601803bba,706175915208693,1715015274895.8828
ETH,A,3083.6,0.0972,1715015232318,0x0e5260b2fa67233a39ec0408c8f38701230043ae2b45daa9f8faec8601803bba,857253918878278,1715015274895.8828
ETH,A,3083.6,0.1177,1715015232318,0x0e5260b2fa67233a39ec0408c8f38701230043ae2b45daa9f8faec8601803bba,476185859876623,1715015274895.8828
ETH,A,3083.5,0.0062,1715015237096,0x36c936760a2ea2c445ba0408c8f398012900d7e6d884e0691682d84a40fb5219,514902254069860,1715015274895.8828
ETH,B,3082.9,0.0457,1715015248590,0xf461158775a3036986780408c8f3ba016b00b053f519f7d1dd508500eff2ac52,817623471770451,1715015274895.8828
ETH,B,3082.9,0.5884,1715015248590,0xf461158775a3036986780408c8f3ba016b00b053f519f7d1dd508500eff2ac52,49937644754789,1715015274895.8828
ETH,B,3082.7,3.2258,1715015250040,0x0000000000000000000000000000000000000000000000000000000000000000,708279408395416,1715015274895.8828
ETH,B,3082.7,0.0042,1715015252455,0x0000000000000000000000000000000000000000000000000000000000000000,79691034608204,1715015274895.8828
ETH,A,3082.6,0.0423,1715015252455,0x0000000000000000000000000000000000000000000000000000000000000000,235188436281957,1715015274895.8828
ETH,B,3082.7,0.01,1715015255180,0x1afc482ab6e5a10b3b380408c8f3cc013900caabb0954355e7e029f06f23b7dd,307560640442375,1715015274895.8828
ETH,B,3082.7,0.01,1715015255180,0xba4a5152bb2b41126ef00408c8f3cc01aa0023d97ab3973fdd1d14b1b81ea2af,684240165715459,1715015274895.8828
ETH,B,3082.7,0.01,1715015255180,0xf856a6eb0f252fc690300408c8f3cc020142009383f584e7c751f80bcbd38227,294073882479031,1715015274895.8828
ETH,B,3082.7,0.0458,1715015256116,0xf5f2529d8dc9400259400408c8f3ce01fd001751fab2ad2687e722ba129922b7,46569257001859,1715015274895.8828
ETH,B,3084.2,0.01,1715015256116,0x31cbf4983ffd45b8b17c0408c8f3ce02028c00d1c22ffcbce3e6692395705af7,183528299042039,1715015274895.8828
ETH,B,3084.2,0.01,1715015256116,0x137f2efd935b5ccfa43c0408c8f3ce020292002192dd8fa90d65802a5ceff06c,650426263645481,1715015274895.8828
ETH,B,3084.2,0.01,1715015256571,0x75a1cb973fdc9b2993dd0408c8f3cf01920089637669fc2cd9f1be50e5e21443,1090924774464053,1715015274895.8828
ETH,B,3084.5,0.04,1715015258880,0x363c8816fc112a364f1b0408c8f3d4016a003bd3db4acc8313ad5308a3b0b050,662364885145676,1715015274895.8828
ETH,B,3084.5,0.01,1715015265158,0x681d3a42a372fb0826170408c8f3e4013d00bcd8e6c8ae06c96883835d69fbf1,686074544768910,1715015274895.8828
ETH,B,3084.6,0.075,1715015265158,0x26fd0bfe11d5a7e5a9350408c8f3e402026f001b3e63a7637689cb7ac88a5642,689656799381842,1715015274895.8828
ETH,B,3084.6,0.0222,1715015265158,0x26fd0bfe11d5a7e5a9350408c8f3e402026f001b3e63a7637689cb7ac88a5642,776236967731013,1715015274895.8828
ETH,B,3084.6,0.0578,1715015265629,0x3aaa491ad8da8469759d0408c8f3e50122001c300418ac6a42c5690d38ea123d,39792212338304,1715015274895.8828
DOGE,B,0.15712,620.0,1715014994060,0x0000000000000000000000000000000000000000000000000000000000000000,377619907470942,1715015274900.2764
DOGE,B,0.15712,15628.0,1715014994202,0xda1e36bd9997c8f778a90408c8f0e9013a000e8ca27a4af95ef1c0b276190436,1044180400335659,1715015274900.2764
DOGE,B,0.15712,11232.0,1715014994202,0xda1e36bd9997c8f778a90408c8f0e9013a000e8ca27a4af95ef1c0b276190436,134534126757857,1715015274900.2764
DOGE,B,0.15713,15860.0,1715014995530,0x14a556a0b31c5eb4b9240408c8f0ec02016d0029aa08d016b8c4bddaf67c9312,294481099601676,1715015274900.2764
DOGE,B,0.15725,3977.0,1715014999277,0xef670fc47f4717bacb850408c8f0f60202af00c8b874831316cec1ac3a2fc402,936026301458241,1715015274900.2764
DOGE,B,0.15727,345.0,1715015003072,0x060da8cbbbc4c107d1610408c8f0ff020298004e07039356a265f2a2adb6e84c,69661798570028,1715015274900.2764
DOGE,A,0.15728,179.0,1715015005724,0x2659ef24c5d09116699b0408c8f10701960024a4be41c4094c9cff6f589fda54,472818996593316,1715015274900.2764
DOGE,B,0.15732,10820.0,1715015009397,0x3ef2a5782a2eff4703290408c8f1130201e100520c9471a307be04d9b4d410b9,568843962828054,1715015274900.2764
DOGE,B,0.15732,14444.0,1715015009397,0x3ef2a5782a2eff4703290408c8f1130201e100520c9471a307be04d9b4d410b9,986837479567573,1715015274900.2764
DOGE,B,0.15732,1618.0,1715015009397,0x3ef2a5782a2eff4703290408c8f1130201e100520c9471a307be04d9b4d410b9,638514698938520,1715015274900.2764
DOGE,B,0.15711,619.0,1715015024261,0x0000000000000000000000000000000000000000000000000000000000000000,420839124673790,1715015274900.2764
DOGE,B,0.15705,620.0,1715015054411,0x0000000000000000000000000000000000000000000000000000000000000000,292677123367198,1715015274900.2764
DOGE,B,0.15705,6949.0,1715015054411,0xf3754d8ac40f61e27b030408c8f1970152008b67778a87c4563690fc2e6a1bb5,701063519359391,1715015274900.2764
DOGE,B,0.15691,619.0,1715015084043,0x0000000000000000000000000000000000000000000000000000000000000000,612193024393240,1715015274900.2764
DOGE,B,0.15693,619.0,1715015114373,0x0000000000000000000000000000000000000000000000000000000000000000,1001343833010275,1715015274900.2764
DOGE,B,0.15717,16203.0,1715015127885,0x7568db1b1310b6d9611b0408c8f2660126005e6d04801e2b12be1311eedf3b6e,1063436886025245,1715015274900.2764
DOGE,B,0.15717,14662.0,1715015127885,0x7568db1b1310b6d9611b0408c8f2660126005e6d04801e2b12be1311eedf3b6e,728904790460964,1715015274900.2764
DOGE,B,0.15733,620.0,1715015144296,0x0000000000000000000000000000000000000000000000000000000000000000,582854582410999,1715015274900.2764
DOGE,B,0.15736,6000.0,1715015159492,0xf5d1ed4f9bb475e43eb20408c8f2c102011100569d763842803ae4c440b4d7e7,773161277981721,1715015274900.2764
DOGE,B,0.15745,635.0,1715015161490,0xa604546b279c20f9a0210408c8f2c9013900e9b8d8b4c6676c860087af17d6cb,1021744414261204,1715015274900.2764
DOGE,B,0.15743,15880.0,1715015163520,0x11e05b87951c15bf5faf0408c8f2cf02078700fd468ee51fb573014e914a28de,1064802428005815,1715015274900.2764
DOGE,B,0.15743,11441.0,1715015163520,0x11e05b87951c15bf5faf0408c8f2cf02078700fd468ee51fb573014e914a28de,257817283081077,1715015274900.2764
DOGE,B,0.15744,619.0,1715015174060,0x0000000000000000000000000000000000000000000000000000000000000000,754870215431132,1715015274900.2764
DOGE,B,0.15744,14837.0,1715015178438,0x47425fb9da4a4035d05a0408c8f2f9013e004c141937fd5e5199eee327833b20,385519367275573,1715015274900.2764
DOGE,B,0.15745,6254.0,1715015180847,0x7e558768eb705f2926e20408c8f2ff01410075b91f9195c1f25a305104153de0,130799883958909,1715015274900.2764
DOGE,B,0.15754,15161.0,1715015187828,0xaab1affc2659c99b010f0408c8f3110201fd00f9ab12f1d6d6c266d345c240d3,881663192664599,1715015274900.2764
DOGE,B,0.15754,11485.0,1715015187828,0xaab1affc2659c99b010f0408c8f3110201fd00f9ab12f1d6d6c266d345c240d3,214785401322867,1715015274900.2764
DOGE,B,0.15729,620.0,1715015204272,0x0000000000000000000000000000000000000000000000000000000000000000,259684551332775,1715015274900.2764
DOGE,B,0.15694,619.0,1715015234022,0x0000000000000000000000000000000000000000000000000000000000000000,584354782540249,1715015274900.2764
DOGE,B,0.15703,620.0,1715015264235,0x0000000000000000000000000000000000000000000000000000000000000000,789182391702923,1715015274900.2764
BTC,A,63391.0,0.31276,1715015279214,0xd0ed62130df9a5954ab80408c8f40a013800f3e2f43e8d015036ebf5ad6d77f2,436590299321084,1715015280040.3425
BTC,A,63391.0,0.04217,1715015279214,0x8f4f69ba735fef2759a20408c8f40a01650062e71ddb2655994665ea98a804c1,274593342971907,1715015280040.3425
BTC,A,63389.0,0.04983,1715015279214,0x8f4f69ba735fef2759a20408c8f40a01650062e71ddb2655994665ea98a804c1,728931881640076,1715015280040.3425
BTC,A,63389.0,0.01,1715015279214,0xcc7ac79386883af7e3e40408c8f40a0169000a2574feba03cb8eeb7eac682315,381377718002514,1715015280040.3425
ETH,B,3084.2,3.2258,1715015280111,0x0000000000000000000000000000000000000000000000000000000000000000,1123021247961739,1715015280764.8408
BTC,A,63387.0,0.3944,1715015280574,0xc8eaf5cb9ec6c86af9730408c8f40d0203080004643ee5ff4c4f97b97d9aafbe,950612251559407,1715015281404.3398
BTC,A,63387.0,0.11297,1715015280574,0xc8eaf5cb9ec6c86af9730408c8f40d0203080004643ee5ff4c4f97b97d9aafbe,1103555394714194,1715015281404.3398
BTC,B,63388.0,0.00024,1715015281196,0xabd6ab0aa19edc11f2340408c8f40f0202c300b559bb0e99a31b805c50115097,238618503462297,1715015281990.1824
ETH,B,3084.2,0.0042,1715015282418,0x0000000000000000000000000000000000000000000000000000000000000000,790955680971963,1715015283036.331
ETH,A,3084.1,0.0481,1715015283431,0x0000000000000000000000000000000000000000000000000000000000000000,749656994593616,1715015283626.5288
BTC,B,63388.0,0.05969,1715015285460,0xdd629a048debf97b14160408c8f41d0117009f99605f2f6b2dfbe9c04a926015,507489546354820,1715015285669.0627
DOGE,A,0.15712,3154.0,1715015290299,0x578baac89035f99bd3ee0408c8f42b0112006fda16dd5f17ac70fc3a67f047ee,917815166691610,1715015290922.2383
BTC,B,63388.0,0.01005,1715015291339,0x10f1b3eb869bfc561c2d0408c8f42e020102010221bab4f126c18ccaf3a07f68,647670724891305,1715015292048.6611
ETH,A,3084.1,0.2318,1715015291339,0x6efdf45ed74d8206edcd0408c8f42e020102010506cc88acf3969dd0948dbff3,365057625986770,1715015292355.6577
BTC,B,63388.0,0.00064,1715015292923,0x97f7e0d86efd47d213020408c8f43301ed00ce846c091b280ac48bba4119f70e,236481963086418,1715015293583.5361
ETH,B,3084.2,0.0324,1715015293565,0xe1eda0772ec3d4fdccf60408c8f4350202dc0088f3319fb794f483752decfdc0,33751906268153,1715015294303.3308
ETH,B,3084.2,0.0476,1715015294022,0xa4d5d7d137905f7eb2be0408c8f4360201fa008f2fadc3be33132950dff78499,145115865815942,1715015294915.01
DOGE,B,0.15715,619.0,1715015294022,0x0000000000000000000000000000000000000000000000000000000000000000,705096135219014,1715015294915.4304
BTC,B,63388.0,0.02366,1715015294942,0x8fe6e9dfd2ac758c6f000408c8f43801c2001011581e945415ec17f028be81e0,36425392011782,1715015295631.8713
ETH,B,3084.8,8.1784,1715015295861,0x02cdbc090abfb3a9fc260408c8f43a01dc00a7a06eb8630d8fc1c5e1a9e762b0,1059392823007520,1715015296510.218
ETH,B,3085.2,0.08,1715015296320,0xd0e1c9a6ca9e050e4e970408c8f43b02013300152b5ea93c3f357cfc65e0e06b,315523201218686,1715015297066.7446
ETH,B,3085.6,0.075,1715015297252,0x4b032fb71b3fdf05d1fe0408c8f43d017f00a28c2d680cde201821168f571f36,662063248366525,1715015298093.2998
BTC,A,63412.0,0.00029,1715015297932,0xd6aa33e1f0c83f8248000408c8f43f01890097a0e474e1598cb1fc7b48ab9972,108043950617976,1715015298603.3328
BTC,A,63412.0,0.00019,1715015297932,0xa58e8fb273990e2eb5d50408c8f43f018a00e62413039ce27c86cb533929b899,241333481011278,1715015298603.3328
ETH,B,3085.6,0.06,1715015299434,0x082c7b0d23e684a909190408c8f4430201f300d2f0351f779505ee68e02f152a,357906209432302,1715015300340.0796
ETH,B,3085.4,0.0036,1715015300497,0x7c21f178b67d0225f0ba0408c8f446012300630d0db1a431ea8447ccbddcde17,1098299283049414,1715015301060.6375
BTC,B,63402.0,0.1,1715015302958,0xcca24109707a8f8f54c10408c8f45302010d00c7141ab7d38d8226ba41b93d3a,769035360034689,1715015303518.486
BTC,B,63402.0,0.08258,1715015302958,0xcca24109707a8f8f54c10408c8f45302010d00c7141ab7d38d8226ba41b93d3a,938153462991509,1715015303518.486
BTC,B,63402.0,0.02365,1715015302958,0xcca24109707a8f8f54c10408c8f45302010d00c7141ab7d38d8226ba41b93d3a,1108291222274416,1715015303518.486
BTC,B,63403.0,0.02366,1715015302958,0xcca24109707a8f8f54c10408c8f45302010d00c7141ab7d38d8226ba41b93d3a,787282734234934,1715015303518.486
BTC,B,63403.0,0.07011,1715015302958,0xcca24109707a8f8f54c10408c8f45302010d00c7141ab7d38d8226ba41b93d3a,364950315317678,1715015303518.486
ETH,A,3085.3,0.2277,1715015304457,0xc80e6ae7dfc7e7ee517d0408c8f45701370071c098c1adf971f7f37ab15b7920,199258815898081,1715015305155.3892
BTC,A,63420.0,0.00029,1715015306653,0xd6fb130a6ad87ded5b960408c8f45d010f008080268d1f1183302aa5423555d5,982749557621063,1715015307366.0564
ETH,B,3085.4,0.08,1715015310334,0x0000000000000000000000000000000000000000000000000000000000000000,220293313477063,1715015311050.3389
ETH,B,3085.6,3.1458,1715015310334,0x0000000000000000000000000000000000000000000000000000000000000000,167952543623044,1715015311050.3389
ETH,B,3085.6,0.0037,1715015310789,0xf1566259bb328fd59a5c0408c8f469020147004e729f423fba628fb59b5150e5,47693540253828,1715015311462.5662
ETH,B,3085.6,0.1622,1715015311402,0x91c0d1224411bcd3a3450408c8f46b015e0034a033993e68a4d52c337beb4eeb,372630792291519,1715015312018.9192
ETH,B,3085.7,0.0041,1715015313369,0x0000000000000000000000000000000000000000000000000000000000000000,800747016427808,1715015313958.317
ETH,A,3085.6,0.0324,1715015313369,0x0000000000000000000000000000000000000000000000000000000000000000,729929802492120,1715015313958.317
DOGE,B,0.15729,376.0,1715015313369,0xaac2230b03623ac4d63f0408c8f470017e00e7906b77f314985e58e723b752b6,837337596636552,1715015313958.7102
BTC,B,63411.0,0.00017,1715015319204,0xd0614815b845b27b70fa0408c8f47e02032400be3fb52b93d4ee802a2bca987d,596739591968346,1715015320101.942
ETH,A,3085.7,0.0095,1715015319204,0x3375b8d3470dc6465b2f0408c8f47e02032300328f9e4fc7abda1d5cbcea38ae,138870658925382,1715015320102.4924
BTC,B,63411.0,0.00066,1715015321309,0xf450ce33cec69409e3d00408c8f484013700b7ad22a23f0d94801fd47229f16b,868290724120665,1715015321849.1929
DOGE,B,0.15732,619.0,1715015324331,0x0000000000000000000000000000000000000000000000000000000000000000,265617496767628,1715015324819.5015
BTC,A,63398.0,0.236,1715015326791,0xbcef7f4e9f186e72af600408c8f4960201af002c6ff90ed229ce65ad78b75965,239664146586700,1715015327680.6226
BTC,A,63398.0,0.156,1715015326791,0xb8eabb89d3af444a35f10408c8f496020319002bf7a651fd85437a61e1f365f8,749199345204606,1715015327680.6226
BTC,A,63398.0,0.00233,1715015326791,0x68dd58a3b1720f4946d00408c8f49602032e00352de03007bd4cc6956f9b818a,921497845719634,1715015327680.6226
BTC,A,63397.0,0.00607,1715015326791,0x68dd58a3b1720f4946d00408c8f49602032e00352de03007bd4cc6956f9b818a,472291845892285,1715015327680.6226
BTC,A,63397.0,0.0059,1715015326791,0xb950a5833d2c82c6e61d0408c8f4960203400052afcbff710b9620a342ebc98b,161488978993275,1715015327680.6226
ETH,A,3085.7,0.005,1715015326791,0x9f80cab8f7d2471e21300408c8f4960168001856fb1ab21d5b70ccb6c50cdb67,465535770240517,1715015327680.9712
BTC,A,63377.0,0.1218,1715015327238,0xc4056a52faff9fa4e5850408c8f49702014d003777b7b77c6e4a457a7dd3baf4,850834077429422,1715015327990.7502
BTC,A,63377.0,0.03646,1715015327238,0x79377577634860957ceb0408c8f49702036300861921db0618bacda4e77103a4,193911186462073,1715015327990.7502
BTC,A,63377.0,0.15674,1715015327238,0x79377577634860957ceb0408c8f49702036300861921db0618bacda4e77103a4,576243532343182,1715015327990.7502
BTC,A,63377.0,0.014,1715015327238,0xa2d980bebc0bc4c0e05d0408c8f49702036700caef1b7b6993cbc7c14a85299b,131981039433208,1715015327990.7502
ETH,A,3084.6,0.01,1715015327238,0xf8afe9156c1d464df4e30408c8f4970205a1000e6c8ed08056a8d8aea561ed3e,509347897729769,1715015327990.9133
ETH,B,3084.7,0.08,1715015330210,0x4d3ab5ebd9610d292b320408c8f49f02047600b37a89e93be4fbf984ce691b6b,879546614650181,1715015330923.321
ETH,B,3085.4,0.01,1715015330210,0x4d3ab5ebd9610d292b320408c8f49f02047600b37a89e93be4fbf984ce691b6b,335105413894905,1715015330923.321
ETH,B,3085.4,0.1,1715015330210,0x4d3ab5ebd9610d292b320408c8f49f02047600b37a89e93be4fbf984ce691b6b,857484728363293,1715015330923.321
DOGE,B,0.15728,4426.0,1715015331545,0x9d52a64f787532fdd3a90408c8f4a301880102cc97a464926ca4bb685f5d8cce,727051040279453,1715015332182.0366
BTC,B,63405.0,0.15,1715015339441,0xba318af49f44db03d5480408c8f4b901ef00570912ca3907370fc8fb8060c8b0,877092853409784,1715015340216.3572
ETH,B,3085.6,0.08,1715015340012,0x0000000000000000000000000000000000000000000000000000000000000000,706251128111212,1715015340689.401
ETH,B,3085.6,0.0972,1715015340012,0x0000000000000000000000000000000000000000000000000000000000000000,494561463671087,1715015340689.401
ETH,B,3085.6,0.0422,1715015340012,0x0000000000000000000000000000000000000000000000000000000000000000,731030724526414,1715015340689.401
ETH,B,3085.6,0.0324,1715015340012,0x0000000000000000000000000000000000000000000000000000000000000000,35890198811235,1715015340689.401
ETH,B,3085.7,1.2839,1715015340012,0x0000000000000000000000000000000000000000000000000000000000000000,383779526724202,1715015340689.401
ETH,B,3085.8,0.7378,1715015340012,0x0000000000000000000000000000000000000000000000000000000000000000,655452052231458,1715015340689.401
ETH,B,3085.9,0.9523,1715015340012,0x0000000000000000000000000000000000000000000000000000000000000000,272532074654394,1715015340689.401
BTC,B,63388.0,0.05969,1715015285460,0xdd629a048debf97b14160408c8f41d0117009f99605f2f6b2dfbe9c04a926015,507489546354820,1715015358304.9075
BTC,B,63388.0,0.01005,1715015291339,0x10f1b3eb869bfc561c2d0408c8f42e020102010221bab4f126c18ccaf3a07f68,647670724891305,1715015358304.9075
BTC,B,63388.0,0.00064,1715015292923,0x97f7e0d86efd47d213020408c8f43301ed00ce846c091b280ac48bba4119f70e,236481963086418,1715015358304.9075
BTC,B,63388.0,0.02366,1715015294942,0x8fe6e9dfd2ac758c6f000408c8f43801c2001011581e945415ec17f028be81e0,36425392011782,1715015358304.9075
BTC,A,63412.0,0.00029,1715015297932,0xd6aa33e1f0c83f8248000408c8f43f01890097a0e474e1598cb1fc7b48ab9972,108043950617976,1715015358304.9075
BTC,A,63412.0,0.00019,1715015297932,0xa58e8fb273990e2eb5d50408c8f43f018a00e62413039ce27c86cb533929b899,241333481011278,1715015358304.9075
BTC,B,63402.0,0.1,1715015302958,0xcca24109707a8f8f54c10408c8f45302010d00c7141ab7d38d8226ba41b93d3a,769035360034689,1715015358304.9075
BTC,B,63402.0,0.08258,1715015302958,0xcca24109707a8f8f54c10408c8f45302010d00c7141ab7d38d8226ba41b93d3a,938153462991509,1715015358304.9075
BTC,B,63402.0,0.02365,1715015302958,0xcca24109707a8f8f54c10408c8f45302010d00c7141ab7d38d8226ba41b93d3a,1108291222274416,1715015358304.9075
BTC,B,63403.0,0.02366,1715015302958,0xcca24109707a8f8f54c10408c8f45302010d00c7141ab7d38d8226ba41b93d3a,787282734234934,1715015358304.9075
BTC,B,63403.0,0.07011,1715015302958,0xcca24109707a8f8f54c10408c8f45302010d00c7141ab7d38d8226ba41b93d3a,364950315317678,1715015358304.9075
BTC,A,63420.0,0.00029,1715015306653,0xd6fb130a6ad87ded5b960408c8f45d010f008080268d1f1183302aa5423555d5,982749557621063,1715015358304.9075
BTC,B,63411.0,0.00017,1715015319204,0xd0614815b845b27b70fa0408c8f47e02032400be3fb52b93d4ee802a2bca987d,596739591968346,1715015358304.9075
BTC,B,63411.0,0.00066,1715015321309,0xf450ce33cec69409e3d00408c8f484013700b7ad22a23f0d94801fd47229f16b,868290724120665,1715015358304.9075
BTC,A,63398.0,0.236,1715015326791,0xbcef7f4e9f186e72af600408c8f4960201af002c6ff90ed229ce65ad78b75965,239664146586700,1715015358304.9075
BTC,A,63398.0,0.156,1715015326791,0xb8eabb89d3af444a35f10408c8f496020319002bf7a651fd85437a61e1f365f8,749199345204606,1715015358304.9075
BTC,A,63398.0,0.00233,1715015326791,0x68dd58a3b1720f4946d00408c8f49602032e00352de03007bd4cc6956f9b818a,921497845719634,1715015358304.9075
BTC,A,63397.0,0.00607,1715015326791,0x68dd58a3b1720f4946d00408c8f49602032e00352de03007bd4cc6956f9b818a,472291845892285,1715015358304.9075
BTC,A,63397.0,0.0059,1715015326791,0xb950a5833d2c82c6e61d0408c8f4960203400052afcbff710b9620a342ebc98b,161488978993275,1715015358304.9075
BTC,A,63377.0,0.1218,1715015327238,0xc4056a52faff9fa4e5850408c8f49702014d003777b7b77c6e4a457a7dd3baf4,850834077429422,1715015358304.9075
BTC,A,63377.0,0.03646,1715015327238,0x79377577634860957ceb0408c8f49702036300861921db0618bacda4e77103a4,193911186462073,1715015358304.9075
BTC,A,63377.0,0.15674,1715015327238,0x79377577634860957ceb0408c8f49702036300861921db0618bacda4e77103a4,576243532343182,1715015358304.9075
BTC,A,63377.0,0.014,1715015327238,0xa2d980bebc0bc4c0e05d0408c8f49702036700caef1b7b6993cbc7c14a85299b,131981039433208,1715015358304.9075
BTC,B,63405.0,0.15,1715015339441,0xba318af49f44db03d5480408c8f4b901ef00570912ca3907370fc8fb8060c8b0,877092853409784,1715015358304.9075
BTC,B,63415.0,0.00017,1715015346140,0xba2f82a6f01f1d5f075f0408c8f4cf020123004aa0ae220d250ff34230743fac,433641467456226,1715015358304.9075
BTC,B,63430.0,0.002,1715015349895,0xad08640c2dab48cf3c960408c8f4d90203e400b355454f50c5afa8a7bda100b0,562235248186383,1715015358304.9075
BTC,B,63430.0,0.00641,1715015349895,0xad08640c2dab48cf3c960408c8f4d90203e400b355454f50c5afa8a7bda100b0,425903754223930,1715015358304.9075
BTC,B,63433.0,0.002,1715015352852,0xde9f70014e65aa9b7c490408c8f4e2011100067a1ffe10232bcde0c88ee58a01,852045351647982,1715015358304.9075
BTC,B,63433.0,0.02364,1715015352852,0xde9f70014e65aa9b7c490408c8f4e2011100067a1ffe10232bcde0c88ee58a01,62610790398283,1715015358304.9075
BTC,A,63436.0,0.0003,1715015356966,0xb65dbe3a5a3456f3efa90408c8f4ee02020a008245b4e9d75449c732b5311a50,1119909864622523,1715015358304.9075
ETH,B,3085.6,0.06,1715015299434,0x082c7b0d23e684a909190408c8f4430201f300d2f0351f779505ee68e02f152a,357906209432302,1715015358562.8145
ETH,B,3085.4,0.0036,1715015300497,0x7c21f178b67d0225f0ba0408c8f446012300630d0db1a431ea8447ccbddcde17,1098299283049414,1715015358562.8145
ETH,A,3085.3,0.2277,1715015304457,0xc80e6ae7dfc7e7ee517d0408c8f45701370071c098c1adf971f7f37ab15b7920,199258815898081,1715015358562.8145
ETH,B,3085.4,0.08,1715015310334,0x0000000000000000000000000000000000000000000000000000000000000000,220293313477063,1715015358562.8145
ETH,B,3085.6,3.1458,1715015310334,0x0000000000000000000000000000000000000000000000000000000000000000,167952543623044,1715015358562.8145
ETH,B,3085.6,0.0037,1715015310789,0xf1566259bb328fd59a5c0408c8f469020147004e729f423fba628fb59b5150e5,47693540253828,1715015358562.8145
ETH,B,3085.6,0.1622,1715015311402,0x91c0d1224411bcd3a3450408c8f46b015e0034a033993e68a4d52c337beb4eeb,372630792291519,1715015358562.8145
ETH,B,3085.7,0.0041,1715015313369,0x0000000000000000000000000000000000000000000000000000000000000000,800747016427808,1715015358562.8145
ETH,A,3085.6,0.0324,1715015313369,0x0000000000000000000000000000000000000000000000000000000000000000,729929802492120,1715015358562.8145
ETH,A,3085.7,0.0095,1715015319204,0x3375b8d3470dc6465b2f0408c8f47e02032300328f9e4fc7abda1d5cbcea38ae,138870658925382,1715015358562.8145
ETH,A,3085.7,0.005,1715015326791,0x9f80cab8f7d2471e21300408c8f4960168001856fb1ab21d5b70ccb6c50cdb67,465535770240517,1715015358562.8145
ETH,A,3084.6,0.01,1715015327238,0xf8afe9156c1d464df4e30408c8f4970205a1000e6c8ed08056a8d8aea561ed3e,509347897729769,1715015358562.8145
ETH,B,3084.7,0.08,1715015330210,0x4d3ab5ebd9610d292b320408c8f49f02047600b37a89e93be4fbf984ce691b6b,879546614650181,1715015358562.8145
ETH,B,3085.4,0.01,1715015330210,0x4d3ab5ebd9610d292b320408c8f49f02047600b37a89e93be4fbf984ce691b6b,335105413894905,1715015358562.8145
ETH,B,3085.4,0.1,1715015330210,0x4d3ab5ebd9610d292b320408c8f49f02047600b37a89e93be4fbf984ce691b6b,857484728363293,1715015358562.8145
ETH,B,3085.6,0.08,1715015340012,0x0000000000000000000000000000000000000000000000000000000000000000,706251128111212,1715015358562.8145
ETH,B,3085.6,0.0972,1715015340012,0x0000000000000000000000000000000000000000000000000000000000000000,494561463671087,1715015358562.8145
ETH,B,3085.6,0.0422,1715015340012,0x0000000000000000000000000000000000000000000000000000000000000000,731030724526414,1715015358562.8145
ETH,B,3085.6,0.0324,1715015340012,0x0000000000000000000000000000000000000000000000000000000000000000,35890198811235,1715015358562.8145
ETH,B,3085.7,1.2839,1715015340012,0x0000000000000000000000000000000000000000000000000000000000000000,383779526724202,1715015358562.8145
ETH,B,3085.8,0.7378,1715015340012,0x0000000000000000000000000000000000000000000000000000000000000000,655452052231458,1715015358562.8145
ETH,B,3085.9,0.9523,1715015340012,0x0000000000000000000000000000000000000000000000000000000000000000,272532074654394,1715015358562.8145
ETH,B,3085.8,0.0042,1715015343418,0x0000000000000000000000000000000000000000000000000000000000000000,527949890654035,1715015358562.8145
ETH,A,3085.7,0.0452,1715015343418,0x0000000000000000000000000000000000000000000000000000000000000000,260517067720310,1715015358562.8145
ETH,B,3086.6,0.01,1715015348806,0xc85a3d2172a3b737867a0408c8f4d601740056544de39a060d78eba342f6b52b,464103614595623,1715015358562.8145
ETH,B,3086.6,0.01,1715015349265,0x88a76b2648730344872b0408c8f4d70204a900c937c09204aa5d05c652abba6b,55434342910302,1715015358562.8145
ETH,B,3086.6,0.01,1715015349265,0xa33ca2f1438f93755bfb0408c8f4d70204f200a07510ce76f50a0670c0540fc3,790444612760572,1715015358562.8145
ETH,B,3086.6,0.045,1715015349265,0x55302abad7f4cbe779b60408c8f4d70204f7005b94edfe82d320b893ec0ce169,136760655986402,1715015358562.8145
ETH,B,3086.8,0.08,1715015349895,0xcdbbd0f7d5952b7f61790408c8f4d902017e00040771de6795a3c9cd951a7020,622235818678429,1715015358562.8145
ETH,A,3087.3,0.3336,1715015351169,0x200e1a4689fdc0b719ab0408c8f4dd02014800cc88dc427fa26f426faafdceeb,1076386358454181,1715015358562.8145
DOGE,A,0.15728,179.0,1715015005724,0x2659ef24c5d09116699b0408c8f10701960024a4be41c4094c9cff6f589fda54,472818996593316,1715015358567.282
DOGE,B,0.15732,10820.0,1715015009397,0x3ef2a5782a2eff4703290408c8f1130201e100520c9471a307be04d9b4d410b9,568843962828054,1715015358567.282
DOGE,B,0.15732,14444.0,1715015009397,0x3ef2a5782a2eff4703290408c8f1130201e100520c9471a307be04d9b4d410b9,986837479567573,1715015358567.282
DOGE,B,0.15732,1618.0,1715015009397,0x3ef2a5782a2eff4703290408c8f1130201e100520c9471a307be04d9b4d410b9,638514698938520,1715015358567.282
DOGE,B,0.15711,619.0,1715015024261,0x0000000000000000000000000000000000000000000000000000000000000000,420839124673790,1715015358567.282
DOGE,B,0.15705,620.0,1715015054411,0x0000000000000000000000000000000000000000000000000000000000000000,292677123367198,1715015358567.282
DOGE,B,0.15705,6949.0,1715015054411,0xf3754d8ac40f61e27b030408c8f1970152008b67778a87c4563690fc2e6a1bb5,701063519359391,1715015358567.282
DOGE,B,0.15691,619.0,1715015084043,0x0000000000000000000000000000000000000000000000000000000000000000,612193024393240,1715015358567.282
DOGE,B,0.15693,619.0,1715015114373,0x0000000000000000000000000000000000000000000000000000000000000000,1001343833010275,1715015358567.282
DOGE,B,0.15717,16203.0,1715015127885,0x7568db1b1310b6d9611b0408c8f2660126005e6d04801e2b12be1311eedf3b6e,1063436886025245,1715015358567.282
DOGE,B,0.15717,14662.0,1715015127885,0x7568db1b1310b6d9611b0408c8f2660126005e6d04801e2b12be1311eedf3b6e,728904790460964,1715015358567.282
DOGE,B,0.15733,620.0,1715015144296,0x0000000000000000000000000000000000000000000000000000000000000000,582854582410999,1715015358567.282
DOGE,B,0.15736,6000.0,1715015159492,0xf5d1ed4f9bb475e43eb20408c8f2c102011100569d763842803ae4c440b4d7e7,773161277981721,1715015358567.282
DOGE,B,0.15745,635.0,1715015161490,0xa604546b279c20f9a0210408c8f2c9013900e9b8d8b4c6676c860087af17d6cb,1021744414261204,1715015358567.282
DOGE,B,0.15743,15880.0,1715015163520,0x11e05b87951c15bf5faf0408c8f2cf02078700fd468ee51fb573014e914a28de,1064802428005815,1715015358567.282
DOGE,B,0.15743,11441.0,1715015163520,0x11e05b87951c15bf5faf0408c8f2cf02078700fd468ee51fb573014e914a28de,257817283081077,1715015358567.282
DOGE,B,0.15744,619.0,1715015174060,0x0000000000000000000000000000000000000000000000000000000000000000,754870215431132,1715015358567.282
DOGE,B,0.15744,14837.0,1715015178438,0x47425fb9da4a4035d05a0408c8f2f9013e004c141937fd5e5199eee327833b20,385519367275573,1715015358567.282
DOGE,B,0.15745,6254.0,1715015180847,0x7e558768eb705f2926e20408c8f2ff01410075b91f9195c1f25a305104153de0,130799883958909,1715015358567.282
DOGE,B,0.15754,15161.0,1715015187828,0xaab1affc2659c99b010f0408c8f3110201fd00f9ab12f1d6d6c266d345c240d3,881663192664599,1715015358567.282
DOGE,B,0.15754,11485.0,1715015187828,0xaab1affc2659c99b010f0408c8f3110201fd00f9ab12f1d6d6c266d345c240d3,214785401322867,1715015358567.282
DOGE,B,0.15729,620.0,1715015204272,0x0000000000000000000000000000000000000000000000000000000000000000,259684551332775,1715015358567.282
DOGE,B,0.15694,619.0,1715015234022,0x0000000000000000000000000000000000000000000000000000000000000000,584354782540249,1715015358567.282
DOGE,B,0.15703,620.0,1715015264235,0x0000000000000000000000000000000000000000000000000000000000000000,789182391702923,1715015358567.282
DOGE,A,0.15712,3154.0,1715015290299,0x578baac89035f99bd3ee0408c8f42b0112006fda16dd5f17ac70fc3a67f047ee,917815166691610,1715015358567.282
DOGE,B,0.15715,619.0,1715015294022,0x0000000000000000000000000000000000000000000000000000000000000000,705096135219014,1715015358567.282
DOGE,B,0.15729,376.0,1715015313369,0xaac2230b03623ac4d63f0408c8f470017e00e7906b77f314985e58e723b752b6,837337596636552,1715015358567.282
DOGE,B,0.15732,619.0,1715015324331,0x0000000000000000000000000000000000000000000000000000000000000000,265617496767628,1715015358567.282
DOGE,B,0.15728,4426.0,1715015331545,0x9d52a64f787532fdd3a90408c8f4a301880102cc97a464926ca4bb685f5d8cce,727051040279453,1715015358567.282
DOGE,B,0.15744,620.0,1715015354012,0x0000000000000000000000000000000000000000000000000000000000000000,648612139683762,1715015358567.282
BTC,A,63426.0,0.00641,1715015359539,0x448c371bb3cde5b399f50408c8f4f502014d00f9d37674da2fbcdff8bc4ba1a4,793656215875442,1715015360246.918
BTC,A,63425.0,0.00641,1715015359539,0x249f528085a8197eea0f0408c8f4f50201a5002f06a7be4de05c01a9684f6350,1085278506692104,1715015360246.918
BTC,A,63425.0,0.00641,1715015360141,0x44e34f15f7305e13ffc10408c8f4f701b5002e704e539eed4d746b91f081f82e,86670148093472,1715015360812.6716
ETH,A,3086.8,1.3327,1715015362569,0x0c81dc7a9946f273fe5d0408c8f4ff02011d00fa7d18d3272fd8f621da2dc883,983565052627812,1715015363215.8022
BTC,A,63423.0,0.00024,1715015363177,0xc988cdb48a71fb81f1140408c8f50102017800510b10138eaf587d25bff8d74f,626091609384575,1715015363929.5825
ETH,B,3086.9,0.25,1715015363625,0x4fc40dd460564e9308b30408c8f50201160007ab562c2245d58e359c1ac560bb,1091237299312955,1715015364195.1887
BTC,B,63421.0,0.00049,1715015365649,0xb623fe535a05ef884c630408c8f5090201ab006987cfe63bac7f06a5c4980574,527415318362028,1715015366211.5728
ETH,B,3086.4,0.04,1715015365649,0xe848880ee3e8958bb51c0408c8f50902017000512028b4b1989e6149738cb07d,699310410000804,1715015366214.6543
BTC,B,63417.0,0.11255,1715015370243,0xd90abdb67cde527c38ce0408c8f5150156005eadd2440afbb91e38e723837810,732558470564271,1715015370694.1648
ETH,B,3086.3,0.1175,1715015370243,0x0000000000000000000000000000000000000000000000000000000000000000,112509594179606,1715015370694.8308
ETH,B,3086.4,0.0888,1715015370243,0x0000000000000000000000000000000000000000000000000000000000000000,1097086553099227,1715015370694.8308
ETH,B,3086.4,0.08,1715015370243,0x0000000000000000000000000000000000000000000000000000000000000000,219941028348299,1715015370694.8308
ETH,B,3086.4,2.9395,1715015370243,0x0000000000000000000000000000000000000000000000000000000000000000,42525817741990,1715015370694.8308
ETH,B,3086.2,0.0041,1715015373207,0x0000000000000000000000000000000000000000000000000000000000000000,543279746752520,1715015373971.9883
ETH,A,3086.1,0.0369,1715015373207,0x0000000000000000000000000000000000000000000000000000000000000000,35468870927332,1715015373971.9883
DOGE,A,0.15732,1728.0,1715015379378,0x777d2cdb94a4c79581170408c8f53202018600b69b283ce5ff990ef6ef017670,838085468570818,1715015380112.697
ETH,A,3085.6,0.01,1715015381665,0xbfac49f6e936a6e0efaa0408c8f537011700975df2322c37f707f1f5b11a1fbc,777363189463386,1715015382467.9553
ETH,A,3085.6,0.01,1715015381665,0x6b5ae8cec0c48cb8e90c0408c8f537016f007d5ed09ef00f7604dfdbcefd2c0e,615166469707883,1715015382467.9553
BTC,A,63400.0,0.00629,1715015383189,0x2939b2d9dfb91a5674fd0408c8f53b01850087826b060c5f61c4acd95876bff4,318354437491471,1715015383803.125
DOGE,B,0.15732,619.0,1715015384210,0x0000000000000000000000000000000000000000000000000000000000000000,1125002960880376,1715015384939.61
BTC,B,63398.0,0.0014,1715015392874,0xdabc2caeea2703d48f940408c8f557016e00208ef732bb843f29abe75173ce0f,199556847267929,1715015393471.6711
ETH,A,3085.6,0.055,1715015393918,0x75e51123fc1dedd0be620408c8f55a01f400d493c111e6b0ea44fe59e312cf45,151558118832829,1715015394544.059
ETH,A,3085.6,0.0972,1715015393918,0x75e51123fc1dedd0be620408c8f55a01f400d493c111e6b0ea44fe59e312cf45,790226533901686,1715015394544.059
ETH,A,3085.3,0.0152,1715015393918,0x75e51123fc1dedd0be620408c8f55a01f400d493c111e6b0ea44fe59e312cf45,655693080425120,1715015394544.059
ETH,B,3085.4,1.1443,1715015394372,0x16c5b438ed3b9fdc89680408c8f55b01d0001cfffc9177a07b3109a388cf10a9,852268205541018,1715015394937.3657
BTC,B,63398.0,0.00114,1715015394841,0x05b08bca4c7501e603300408c8f55c0201600088f5f688168af54a3d56193a80,617852775373506,1715015395451.9446
DOGE,A,0.15731,13511.0,1715015395988,0x7e597119b205d7befd360408c8f55f0201d2001c449213ffd99bd9067f068419,407301260474438,1715015396714.7036
DOGE,A,0.15731,2381.0,1715015395988,0x62f00aa6977577ac32d50408c8f55f0201d9006e59704628bf5c2ed1240cf018,197279230947092,1715015396714.7036
DOGE,A,0.15724,6000.0,1715015395988,0x0f6c490795f2830654e90408c8f55f0201e300ae2ac2d537658991f8404a8f58,1014504577212904,1715015396714.7036
BTC,A,63393.0,0.002,1715015397056,0xeaf57a83aa438f4277a40408c8f5620202ab006abb575c0dcd8c28431553ac9d,955825601333679,1715015397683.7983
ETH,B,3084.8,3.2258,1715015400022,0x0000000000000000000000000000000000000000000000000000000000000000,658317526281069,1715015400786.0225
ETH,B,3084.8,0.0323,1715015401685,0x2fcaa25ce6031fab40b30408c8f56f011e00367c1ea9d18225f1ff389a8bb12a,1004811090570272,1715015402322.1606
BTC,B,63383.0,0.02367,1715015402145,0xb2179722e3ae5726047e0408c8f5700201ac002e8967ec68627ffa15d525b757,532704267154957,1715015402901.1675
BTC,B,63383.0,0.15776,1715015402145,0xb2179722e3ae5726047e0408c8f5700201ac002e8967ec68627ffa15d525b757,745715073835655,1715015402901.1675
BTC,B,63383.0,0.02366,1715015402145,0xb2179722e3ae5726047e0408c8f5700201ac002e8967ec68627ffa15d525b757,55451955807350,1715015402901.1675
BTC,B,63384.0,0.50566,1715015402145,0xb2179722e3ae5726047e0408c8f5700201ac002e8967ec68627ffa15d525b757,509348036316534,1715015402901.1675
BTC,B,63384.0,0.4874,1715015402145,0xb2179722e3ae5726047e0408c8f5700201ac002e8967ec68627ffa15d525b757,33465581429082,1715015402901.1675
BTC,B,63386.0,0.36435,1715015402145,0xb2179722e3ae5726047e0408c8f5700201ac002e8967ec68627ffa15d525b757,549280989979616,1715015402901.1675
ETH,B,3084.8,0.0067,1715015402596,0x6042b57d1f0cb4e3dcaa0408c8f571020188000e68d7ce1676ab1afb29578d69,1040955885406004,1715015403155.4426
ETH,B,3084.8,0.0042,1715015403040,0x0000000000000000000000000000000000000000000000000000000000000000,418413332022251,1715015403676.8767
ETH,A,3084.7,0.0386,1715015403040,0x0000000000000000000000000000000000000000000000000000000000000000,867214958975377,1715015403676.8767
BTC,B,63383.0,0.00016,1715015404589,0x00fb291674a34f6634e30408c8f5760202de0096d0d09804e4ae043bfd1a4c95,992281923566330,1715015405199.9883
DOGE,B,0.15702,12854.0,1715015404589,0x2b479ead2dbd0354bc6f0408c8f576017800a4658576e90c9814e86610e9117e,892573850784826,1715015405200.582
BTC,A,63380.0,0.00235,1715015405055,0xd11ab84cd3e51d88c4860408c8f57702014900e91800768d437b9ee3664e9ac8,78329665893608,1715015405712.973
BTC,A,63380.0,0.00039,1715015405975,0x191b8813d78dd5ec31540408c8f579017200739623427231b8a6d2afb96aa0bc,1018467763270548,1715015406898.0657
ETH,B,3084.8,0.08,1715015408489,0x973f13706c39b6ea9e090408c8f580011e0088711552c155d9b5f13f665854ab,140115356086043,1715015408972.9988
ETH,B,3084.8,0.0324,1715015408489,0x973f13706c39b6ea9e090408c8f580011e0088711552c155d9b5f13f665854ab,1119910955195160,1715015408972.9988
BTC,A,63388.0,0.03795,1715015409810,0x8ad91083539a974ac5380408c8f584014600903ede971f8c3e04336877da99f1,1031995706098595,1715015410553.86
ETH,A,3085.3,0.0856,1715015409810,0x60dbb5237925922f33020408c8f584019b00a2a3026cf794431f660d8bc37185,1108213857605815,1715015410554.0862
BTC,B,63395.0,0.02366,1715015411354,0xe01fcceac7d7ed1022ed0408c8f58802010500e67ffcfac2290fa5351a10d5ef,1045706754060137,1715015412131.5605
BTC,B,63395.0,0.23661,1715015411354,0xe01fcceac7d7ed1022ed0408c8f58802010500e67ffcfac2290fa5351a10d5ef,458519344100681,1715015412131.5605
ETH,B,3085.4,0.08,1715015411354,0x44fc95e085f8e842744f0408c8f588011f004a07a3a96e094c0ef073f9d0bd61,793771119166606,1715015412132.0955
BTC,A,63413.0,0.00039,1715015413705,0x371ce091259e80beee1c0408c8f58f0205e6000d07009821a4da770b456d302b,855683283350247,1715015414428.5874
ETH,B,3086.4,0.08,1715015413705,0xbd1a8b72a8991080c2d40408c8f58f01ea00beaf014b466800fe9f679aab3031,1032696519004948,1715015414429.079
ETH,B,3086.6,0.075,1715015413705,0x59a93b55954c88a639950408c8f58f02030d00b44c8ca0403065c10daa905377,855637373469789,1715015414429.079
DOGE,B,0.15719,620.0,1715015414164,0x0000000000000000000000000000000000000000000000000000000000000000,329809917009830,1715015414724.5203
BTC,A,63415.0,0.00318,1715015415534,0xcd74361dceca4233e25e0408c8f595012000e827906668c425e2d85edea8db3c,528158036159738,1715015416102.3562
ETH,A,3086.9,5.0,1715015418473,0x0a6d2a3929aafbfe3bd20408c8f59d011b00cf815b32ffb24848e8627628567f,751907727136074,1715015419126.0608
ETH,A,3086.9,0.005,1715015426026,0x0f3c57608d3d66d5ae010408c8f5b1020106005153ea821ba539a7e6a33b4a0f,88167327774241,1715015426648.036
ETH,A,3086.9,0.097,1715015426026,0x0f3c57608d3d66d5ae010408c8f5b1020106005153ea821ba539a7e6a33b4a0f,910999762310865,1715015426648.036
ETH,A,3086.9,0.0137,1715015426026,0x0f3c57608d3d66d5ae010408c8f5b1020106005153ea821ba539a7e6a33b4a0f,206383686013145,1715015426648.036
BTC,B,63410.0,0.00352,1715015427991,0x219ecacb87806d981bc10408c8f5b60202280053f444d11875b3b69a78361135,630015792700985,1715015428754.8506
ETH,A,3086.4,0.17,1715015427991,0x28051dfe2163e82e92f40408c8f5b6011e0001037116d3229cad2b87ec41e1ec,667532061608428,1715015428755.0933
ETH,A,3086.4,0.0323,1715015428440,0x49303af30826b2c1f37d0408c8f5b702014e00423bdd5c1b1eb112f29439390e,660868045879131,1715015429058.9019
ETH,B,3086.5,0.0856,1715015430139,0x0000000000000000000000000000000000000000000000000000000000000000,905417611303,1715015430726.9448
ETH,B,3086.5,1.5687,1715015430139,0x0000000000000000000000000000000000000000000000000000000000000000,765617882105611,1715015430726.9448
ETH,B,3086.5,0.0971,1715015430139,0x0000000000000000000000000000000000000000000000000000000000000000,95557861163499,1715015430726.9448
ETH,B,3086.5,0.08,1715015430139,0x0000000000000000000000000000000000000000000000000000000000000000,951613442037954,1715015430726.9448
ETH,B,3086.6,1.3944,1715015430139,0x0000000000000000000000000000000000000000000000000000000000000000,812692472624806,1715015430726.9448
BTC,A,63409.0,0.048,1715015431588,0x30e6c0d48aaa4ad6a2b40408c8f5c0010900c9b88454539173938a6bcf08c2be,16506688977450,1715015432195.8066
ETH,B,3086.6,0.0042,1715015433247,0x0000000000000000000000000000000000000000000000000000000000000000,903148380483661,1715015433606.121
ETH,A,3086.5,0.0444,1715015433247,0x0000000000000000000000000000000000000000000000000000000000000000,1018294068680143,1715015433606.121
BTC,B,63410.0,0.00629,1715015433845,0x2c7bae6b2f3dd68af7880408c8f5c702025e0092d61961f5f2c525a951d52609,959748278155904,1715015434532.0037
ETH,A,3086.5,0.05,1715015433845,0xd332ae0967405611bf280408c8f5c7014c00f1a245a3a8a4268102e0054391fc,672579876014832,1715015434532.3389
ETH,B,3086.6,0.0758,1715015433845,0xe31349a2da5cca44ef590408c8f5c702025f001d8189c4565e73944f27fcfaf5,87518115837992,1715015434532.3389
BTC,B,63428.0,0.00106,1715015439950,0x0ae72b250828ca375f810408c8f5d7012c003cf8def2dd339d9a820b465388f3,738496875182155,1715015440628.3796
ETH,B,3087.5,0.5,1715015439950,0xfd32a83f477a301744f70408c8f5d701f700a6fcf810979cf56dc5b8643e4b54,149748793317591,1715015440939.3494
ETH,B,3087.6,0.075,1715015439950,0xfd32a83f477a301744f70408c8f5d701f700a6fcf810979cf56dc5b8643e4b54,492761903792737,1715015440939.3494
ETH,B,3088.0,0.08,1715015440854,0x5d5d38ab969dc52e08e70408c8f5d90203000086b0e2791cd8811d31d0f56b5a,1068766444746205,1715015441487.8708
ETH,B,3088.2,0.0021,1715015440854,0x5d5d38ab969dc52e08e70408c8f5d90203000086b0e2791cd8811d31d0f56b5a,133506978593638,1715015441487.8708
ETH,B,3088.0,0.005,1715015442213,0x448355776579f41bf3e20408c8f5dc01ba00499251ba6cb8d06b46b909e6fc55,714082528797846,1715015442998.2595
ETH,B,3088.2,0.009,1715015443730,0x19b7155bc0de5818256c0408c8f5e0012000136d7ec0ebfdb03498d176510ce8,1063529940914587,1715015444284.48
ETH,B,3088.2,4.0803,1715015444193,0x4d2ea1892bf0fbbdb9d60408c8f5e10201630054daa8f427c31eaae2b79ac04b,716129265226681,1715015444930.9453
DOGE,B,0.15726,619.0,1715015444193,0x0000000000000000000000000000000000000000000000000000000000000000,241146726233008,1715015444931.3303
ETH,A,3088.1,0.005,1715015459495,0x6b580b2b7a9c5f1537af0408c8f60b010c00271c50bac8fd9a3a0a3bc17a36e2,975171478906721,1715015460086.1157
ETH,A,3088.1,0.0113,1715015459495,0x6b580b2b7a9c5f1537af0408c8f60b010c00271c50bac8fd9a3a0a3bc17a36e2,786066096490475,1715015460086.1157
ETH,B,3088.2,0.08,1715015460081,0x0000000000000000000000000000000000000000000000000000000000000000,974747963522552,1715015460700.5698
ETH,B,3088.2,0.0921,1715015460081,0x0000000000000000000000000000000000000000000000000000000000000000,792381296876918,1715015460700.5698
ETH,B,3088.2,3.0537,1715015460081,0x0000000000000000000000000000000000000000000000000000000000000000,562428728545130,1715015460700.5698
ETH,B,3088.2,0.08,1715015461748,0xa13bb363af60aef136600408c8f61201c200a110b7e1105796526926d9ffdc9f,849870505554911,1715015462646.0715
ETH,B,3088.5,8.2417,1715015461748,0x4efd61e71fe060a8cf120408c8f612020123006c0ffc87060364f341c4d4af53,344512016170805,1715015462646.0715
ETH,B,3088.6,0.075,1715015462212,0x42508dada6ecdb8dbcd40408c8f613014a00a1007b9e9a126543e4adf043cc5a,618382787281511,1715015462850.963
ETH,A,3089.2,0.0048,1715015462212,0x045da23c8358f2998d960408c8f61302026b006ff242c98c4780339fd2285671,1040664738701095,1715015462850.963
BTC,A,63445.0,0.00104,1715015462661,0xf30dfb0c30c67d76e2c00408c8f6140205e10045363ab2c3988c14c9fb9bdea2,69799089653946,1715015463323.909
BTC,B,63446.0,0.002,1715015463133,0x33fa7bfe0f3c4650dab90408c8f61501f600ffa3f91437278f25ac9a908bba30,765797764045013,1715015463874.636
BTC,B,63447.0,0.002,1715015463133,0x33fa7bfe0f3c4650dab90408c8f61501f600ffa3f91437278f25ac9a908bba30,136773261372035,1715015463874.636
ETH,B,3089.6,0.0041,1715015463133,0x0000000000000000000000000000000000000000000000000000000000000000,253161196440292,1715015463874.9333
ETH,A,3089.4,0.044,1715015463133,0x0000000000000000000000000000000000000000000000000000000000000000,422287527574157,1715015463874.9333
BTC,B,63457.0,0.002,1715015463769,0xf0b3f8caaae430fc86450408c8f6170205cb0002e89995dc467b79ba9599e80a,917501103498754,1715015464486.3782
ETH,B,3089.6,0.0709,1715015463769,0xf0850cbfb5b876479ce50408c8f6170202ea00b6a85e40901164aa1f3357e4a2,845166359070178,1715015464486.6738
BTC,B,63458.0,0.00158,1715015464468,0x15528a7f93981dfd8e530408c8f61902048800894aa4d335c3b89676a234104b,327898318067327,1715015465206.596
BTC,B,63469.0,0.0006,1715015464946,0xd073cc75c54213424f540408c8f61a015500787c82711b4a760b6c61d7646c5f,253593982078028,1715015465631.9976
BTC,B,63472.0,0.002,1715015464946,0xf6d12b56e5ab1cc409410408c8f61a01cd00f5bc79c582924fb20521baf78dcf,1047497974171647,1715015465631.9976
BTC,B,63472.0,0.002,1715015464946,0xf6d12b56e5ab1cc409410408c8f61a01cd00f5bc79c582924fb20521baf78dcf,71740879319156,1715015465631.9976
ETH,B,3090.6,0.075,1715015464946,0xc5b66bd2a66c103605930408c8f61a01f9003c84e9d1e4988f572ad1de7fbb84,74812248418228,1715015465632.453
ETH,B,3090.6,0.08,1715015464946,0xc5b66bd2a66c103605930408c8f61a01f9003c84e9d1e4988f572ad1de7fbb84,788503663597760,1715015465632.453
ETH,B,3090.9,5.6123,1715015464946,0xc5b66bd2a66c103605930408c8f61a01f9003c84e9d1e4988f572ad1de7fbb84,301090089210529,1715015465632.453
DOGE,B,0.15743,418.0,1715015466035,0x22e84bb070bccf88aebe0408c8f61d019300d0a5f524d87e2aef4391e9fe192e,711322599470490,1715015466741.349
BTC,A,63481.0,0.00105,1715015466774,0x128a2ea3aeaf58a6687a0408c8f6200203a400fe694e34ffc9d652ef8bf154cb,999075636865911,1715015467566.8838
ETH,A,3090.7,2.0,1715015467224,0xe9761c179c0faa2bda3f0408c8f6210203ce00e2f919a13da73ce3f093bc439b,849008701915778,1715015467882.5225
ETH,A,3090.7,0.0324,1715015467224,0xe9761c179c0faa2bda3f0408c8f6210203ce00e2f919a13da73ce3f093bc439b,488257086354059,1715015467882.5225
ETH,A,3090.7,0.097,1715015467224,0xe9761c179c0faa2bda3f0408c8f6210203ce00e2f919a13da73ce3f093bc439b,746592437965155,1715015467882.5225
ETH,A,3090.7,0.52,1715015467224,0xe9761c179c0faa2bda3f0408c8f6210203ce00e2f919a13da73ce3f093bc439b,1112358552619927,1715015467882.5225
ETH,A,3090.5,1.5809,1715015467224,0xe9761c179c0faa2bda3f0408c8f6210203ce00e2f919a13da73ce3f093bc439b,844934690079877,1715015467882.5225
ETH,A,3090.5,0.7697,1715015467224,0xe9761c179c0faa2bda3f0408c8f6210203ce00e2f919a13da73ce3f093bc439b,360619203016556,1715015467882.5225
BTC,B,63482.0,0.00025,1715015468139,0xd349453f599a4838cb9b0408c8f623016c00476462c3a7cc472780545e8a4616,172644782928702,1715015468789.5881
BTC,A,63481.0,0.00158,1715015468778,0x97297f2c48271c220b280408c8f62502026000cfcde824d5c31cb19c5bf7d41f,777021925389231,1715015469406.4954
BTC,A,63481.0,0.003,1715015468778,0x97297f2c48271c220b280408c8f62502026000cfcde824d5c31cb19c5bf7d41f,716557833282232,1715015469406.4954
BTC,A,63481.0,0.003,1715015468778,0x97297f2c48271c220b280408c8f62502026000cfcde824d5c31cb19c5bf7d41f,793089781548439,1715015469406.4954
ETH,B,3090.1,0.0557,1715015471540,0x923b1a7cf3a307202b0f0408c8f62d0204c600749425d435d18ba716935430df,382318143696390,1715015472272.8713
BTC,A,63462.0,0.0006,1715015472668,0xec371e832d4e7ec5ac140408c8f630014f009d882493b16ba75872e1e0e88349,610266639352246,1715015473486.3384
DOGE,B,0.15737,619.0,1715015474212,0x0000000000000000000000000000000000000000000000000000000000000000,799041991088908,1715015474834.8923
ETH,A,3089.6,0.075,1715015474909,0x5cfa3eadbffd6c1aff690408c8f63601c5007b353ed7c375d6f5699e05fab7d4,543702657015774,1715015475775.72
